Rk,Player,Nation,Pos,Squad,Age,Born,90s,Gls,Sh,SoT,SoT%,Sh/90,SoT/90,G/Sh,G/SoT,PK,PKatt,Matches,xG,npxG,xAG,source_file
1,Paxten Aaronson,us USA,MF,Colorado Rapids,,2003.0,12.9,4,27,12,44.4,2.09,0.93,0.15,0.33,0,0,Matches,0.0,0.0,0.0,mls_shooting_clean.csv
2,Liel Abada,il ISR,"MF,FW",Charlotte,,2001.0,4.0,0,9,7,77.8,2.23,1.74,0.0,0.0,0,0,Matches,0.0,0.0,0.0,mls_shooting_clean.csv
3,Ezequiel Abadia-Reda,us USA,DF,Inter Miami,,2006.0,0.4,0,0,0,,0.0,0.0,,,0,0,Matches,0.0,0.0,0.0,mls_shooting_clean.csv
4,Wessam Abou Ali,ps PLE,FW,Columbus Crew,,1999.0,6.3,5,20,9,45.0,3.19,1.43,0.25,0.56,0,1,Matches,0.0,0.0,0.0,mls_shooting_clean.csv
5,Lalas Abubakar,gh GHA,DF,FC Dallas,,1994.0,0.6,0,0,0,,0.0,0.0,,,0,0,Matches,0.0,0.0,0.0,mls_shooting_clean.csv
6,Bryan Acosta,hn HON,MF,Nashville SC,,1993.0,5.2,2,4,2,50.0,0.77,0.39,0.5,1.0,0,0,Matches,0.0,0.0,0.0,mls_shooting_clean.csv
7,Chase Adams,us USA,MF,Columbus Crew,,2008.0,0.0,0,0,0,,0.0,0.0,,,0,0,Matches,0.0,0.0,0.0,mls_shooting_clean.csv
8,Nonso Adimabua,ng NGA,FW,SJ Earthquakes,,2000.0,0.5,0,0,0,,0.0,0.0,,,0,0,Matches,0.0,0.0,0.0,mls_shooting_clean.csv
9,Stephen Afrifa,ca CAN,FW,Sporting KC,,2001.0,2.7,1,6,3,50.0,2.25,1.13,0.17,0.33,0,0,Matches,0.0,0.0,0.0,mls_shooting_clean.csv
10,Kwaku Agyabeng,gh GHA,"MF,DF",Sporting KC,,2006.0,3.3,0,0,0,,0.0,0.0,,,0,0,Matches,0.0,0.0,0.0,mls_shooting_clean.csv
11,Morrison Agyemang,gh GHA,DF,Charlotte,,2004.0,13.5,2,10,3,30.0,0.74,0.22,0.2,0.67,0,0,Matches,0.0,0.0,0.0,mls_shooting_clean.csv
12,Jorge Alastuey,es ESP,MF,Austin FC,,2003.0,1.1,0,1,0,0.0,0.93,0.0,0.0,,0,0,Matches,0.0,0.0,0.0,mls_shooting_clean.csv
13,Noah Allen,gr GRE,"DF,MF",Inter Miami,,2004.0,8.4,0,0,0,,0.0,0.0,,,0,0,Matches,0.0,0.0,0.0,mls_shooting_clean.csv
14,Tadeo Allende,ar ARG,"MF,FW",Inter Miami,,1999.0,4.8,0,9,4,44.4,1.87,0.83,0.0,0.0,0,0,Matches,0.0,0.0,0.0,mls_shooting_clean.csv
15,Miguel Almirón,py PAR,"FW,MF",Atlanta Utd,,1994.0,7.3,0,19,5,26.3,2.6,0.68,0.0,0.0,0,0,Matches,0.0,0.0,0.0,mls_shooting_clean.csv
16,Rodolfo Aloko,bj BEN,MF,Charlotte,,2006.0,2.7,0,7,2,28.6,2.56,0.73,0.0,0.0,0,0,Matches,0.0,0.0,0.0,mls_shooting_clean.csv
17,Alejandro Alvarado Jr.,us USA,MF,San Diego FC,,2003.0,0.6,0,1,0,0.0,1.61,0.0,0.0,,0,0,Matches,0.0,0.0,0.0,mls_shooting_clean.csv
18,Steven Alzate,co COL,MF,Atlanta Utd,,1998.0,4.4,0,3,1,33.3,0.68,0.23,0.0,0.0,0,0,Matches,0.0,0.0,0.0,mls_shooting_clean.csv
19,Pedro Amador,pt POR,DF,Atlanta Utd,,1998.0,2.7,0,3,0,0.0,1.11,0.0,0.0,,0,0,Matches,0.0,0.0,0.0,mls_shooting_clean.csv
20,Malte Amundsen,dk DEN,DF,Columbus Crew,,1998.0,10.5,0,4,0,0.0,0.38,0.0,0.0,,0,0,Matches,0.0,0.0,0.0,mls_shooting_clean.csv
21,Felipe Andrade,br BRA,DF,Houston Dynamo,,2002.0,10.9,1,8,2,25.0,0.73,0.18,0.13,0.5,0,0,Matches,0.0,0.0,0.0,mls_shooting_clean.csv
22,Augustin Anello,it ITA,"MF,FW",Philadelphia Union,,2002.0,4.2,1,13,6,46.2,3.13,1.44,0.08,0.17,0,0,Matches,0.0,0.0,0.0,mls_shooting_clean.csv
23,Iván Angulo,co COL,"MF,DF",Orlando City,,1999.0,14.3,0,9,5,55.6,0.63,0.35,0.0,0.0,0,0,Matches,0.0,0.0,0.0,mls_shooting_clean.csv
24,Conner Antley,us USA,"DF,MF",D.C. United,,1995.0,0.3,0,0,0,,0.0,0.0,,,0,0,Matches,0.0,0.0,0.0,mls_shooting_clean.csv
25,Antony,br BRA,"MF,FW",Portland Timbers,,2001.0,10.4,2,22,4,18.2,2.12,0.39,0.09,0.5,0,0,Matches,0.0,0.0,0.0,mls_shooting_clean.csv
26,Brian Anunga,cm CMR,MF,FC Cincinnati,,1996.0,4.3,0,0,0,,0.0,0.0,,,0,0,Matches,0.0,0.0,0.0,mls_shooting_clean.csv
27,Matthew Arana,mx MEX,MF,Houston Dynamo,,2010.0,0.0,0,0,0,,0.0,0.0,,,0,0,Matches,0.0,0.0,0.0,mls_shooting_clean.csv
28,Alexander Aravena,cl CHI,MF,Portland Timbers,,2002.0,4.9,0,12,6,50.0,2.47,1.23,0.0,0.0,0,0,Matches,0.0,0.0,0.0,mls_shooting_clean.csv
29,Max Arfsten,us USA,MF,Columbus Crew,,2001.0,14.2,4,19,8,42.1,1.33,0.56,0.21,0.5,0,0,Matches,0.0,0.0,0.0,mls_shooting_clean.csv
30,Emilio Aristizábal,co COL,"FW,MF",Toronto FC,,2005.0,5.0,3,16,7,43.8,3.2,1.4,0.19,0.43,0,0,Matches,0.0,0.0,0.0,mls_shooting_clean.csv
31,Daniel Armando Ríos,mx MEX,FW,CF Montréal,,1995.0,3.2,2,12,7,58.3,3.72,2.17,0.08,0.14,1,1,Matches,0.0,0.0,0.0,mls_shooting_clean.csv
32,Paul Arriola,us USA,MF,Seattle Sounders,,1995.0,2.6,0,5,1,20.0,1.89,0.38,0.0,0.0,0,0,Matches,0.0,0.0,0.0,mls_shooting_clean.csv
33,Artur,br BRA,MF,Houston Dynamo,,1996.0,4.7,0,3,2,66.7,0.63,0.42,0.0,0.0,0,0,Matches,0.0,0.0,0.0,mls_shooting_clean.csv
34,Joshua Atencio,us USA,MF,Colorado Rapids,,2002.0,8.8,1,3,2,66.7,0.34,0.23,0.33,0.5,0,0,Matches,0.0,0.0,0.0,mls_shooting_clean.csv
35,Eduard Atuesta,co COL,MF,Orlando City,,1997.0,7.5,0,4,2,50.0,0.53,0.27,0.0,0.0,0,0,Matches,0.0,0.0,0.0,mls_shooting_clean.csv
36,Julián Aude,ar ARG,DF,LA Galaxy,,2003.0,6.0,0,0,0,,0.0,0.0,,,0,0,Matches,0.0,0.0,0.0,mls_shooting_clean.csv
37,Tomás Avilés,ar ARG,DF,CF Montréal,,2004.0,2.4,0,1,0,0.0,0.41,0.0,0.0,,0,0,Matches,0.0,0.0,0.0,mls_shooting_clean.csv
38,Nəriman Axundzadə,az AZE,MF,Columbus Crew,,2004.0,0.4,0,0,0,,0.0,0.0,,,0,0,Matches,0.0,0.0,0.0,mls_shooting_clean.csv
39,David Ayala,ar ARG,MF,Inter Miami,,2002.0,2.9,0,1,0,0.0,0.34,0.0,0.0,,0,0,Matches,0.0,0.0,0.0,mls_shooting_clean.csv
40,Jeevan Badwal,ca CAN,MF,Vancouver W'caps,,2006.0,9.9,0,9,5,55.6,0.91,0.51,0.0,0.0,0,0,Matches,0.0,0.0,0.0,mls_shooting_clean.csv
41,Elías Báez,ar ARG,DF,Atlanta Utd,,2004.0,11.6,0,13,3,23.1,1.12,0.26,0.0,0.0,0,0,Matches,0.0,0.0,0.0,mls_shooting_clean.csv
42,Drew Baiera,us USA,DF,NYCFC,,2007.0,0.3,0,0,0,,0.0,0.0,,,0,0,Matches,0.0,0.0,0.0,mls_shooting_clean.csv
43,Cody Baker,us USA,DF,Seattle Sounders,,2004.0,1.1,0,1,0,0.0,0.93,0.0,0.0,,0,0,Matches,0.0,0.0,0.0,mls_shooting_clean.csv
44,Reed Baker-Whiting,us USA,DF,Nashville SC,,2005.0,4.5,0,1,0,0.0,0.22,0.0,0.0,,0,0,Matches,0.0,0.0,0.0,mls_shooting_clean.csv
45,Jonathan Bamba,ci CIV,"MF,FW",Chicago Fire,,1996.0,7.3,2,18,7,38.9,2.47,0.96,0.11,0.29,0,0,Matches,0.0,0.0,0.0,mls_shooting_clean.csv
46,Fletcher Bank,us USA,MF,Toronto FC,,2003.0,0.1,0,0,0,,0.0,0.0,,,0,0,Matches,0.0,0.0,0.0,mls_shooting_clean.csv
47,Jesús Barea,es ESP,FW,Real Salt Lake,,2002.0,0.2,0,1,0,0.0,5.29,0.0,0.0,,0,0,Matches,0.0,0.0,0.0,mls_shooting_clean.csv
48,Tai Baribo,il ISR,FW,D.C. United,,1998.0,10.2,8,24,11,45.8,2.34,1.07,0.25,0.55,2,2,Matches,0.0,0.0,0.0,mls_shooting_clean.csv
49,Tom Barlow,us USA,"FW,MF",FC Cincinnati,,1995.0,6.2,5,13,9,69.2,2.11,1.46,0.38,0.56,0,0,Matches,0.0,0.0,0.0,mls_shooting_clean.csv
50,Leonardo Barroso,pt POR,"DF,MF",Chicago Fire,,2005.0,6.0,0,5,2,40.0,0.83,0.33,0.0,0.0,0,0,Matches,0.0,0.0,0.0,mls_shooting_clean.csv
51,Jacob Bartlett,us USA,MF,Sporting KC,,2005.0,9.3,1,1,1,100.0,0.11,0.11,1.0,1.0,0,0,Matches,0.0,0.0,0.0,mls_shooting_clean.csv
52,Lucas Bartlett,us USA,DF,D.C. United,,1997.0,15.0,2,14,5,35.7,0.94,0.33,0.14,0.4,0,0,Matches,0.0,0.0,0.0,mls_shooting_clean.csv
53,Ethan Bartlow,us USA,DF,Sporting KC,,2000.0,8.5,0,3,1,33.3,0.35,0.12,0.0,0.0,0,0,Matches,0.0,0.0,0.0,mls_shooting_clean.csv
54,Cole Bassett,us USA,MF,Portland Timbers,,2001.0,9.2,2,15,7,46.7,1.62,0.76,0.13,0.29,0,0,Matches,0.0,0.0,0.0,mls_shooting_clean.csv
55,Zorhan Bassong,ca CAN,MF,Sporting KC,,1999.0,2.6,0,6,1,16.7,2.28,0.38,0.0,0.0,0,0,Matches,0.0,0.0,0.0,mls_shooting_clean.csv
56,Josh Bauer,us USA,DF,Nashville SC,,1998.0,3.2,0,1,0,0.0,0.31,0.0,0.0,,0,0,Matches,0.0,0.0,0.0,mls_shooting_clean.csv
57,Timo Baumgartl,de GER,DF,St. Louis City,,1996.0,14.0,1,2,1,50.0,0.14,0.07,0.5,1.0,0,0,Matches,0.0,0.0,0.0,mls_shooting_clean.csv
58,Julián Bazán,co COL,DF,RB New York,,2005.0,0.1,0,0,0,,0.0,0.0,,,0,0,Matches,0.0,0.0,0.0,mls_shooting_clean.csv
59,Tanner Beason,us USA,DF,NE Revolution,,1997.0,0.6,0,0,0,,0.0,0.0,,,0,0,Matches,0.0,0.0,0.0,mls_shooting_clean.csv
60,Simon Becher,us USA,FW,St. Louis City,,1999.0,11.9,1,29,7,24.1,2.43,0.59,0.03,0.14,0,0,Matches,0.0,0.0,0.0,mls_shooting_clean.csv
61,Alejandro Bedoya,us USA,MF,Philadelphia Union,,1987.0,2.3,0,4,2,50.0,1.77,0.89,0.0,0.0,0,0,Matches,0.0,0.0,0.0,mls_shooting_clean.csv
62,Jon Bell,jm JAM,DF,Austin FC,,1997.0,8.0,2,5,3,60.0,0.62,0.37,0.4,0.67,0,0,Matches,0.0,0.0,0.0,mls_shooting_clean.csv
63,Ben Bender,us USA,"DF,MF",Philadelphia Union,,2001.0,4.8,1,6,2,33.3,1.24,0.41,0.17,0.5,0,0,Matches,0.0,0.0,0.0,mls_shooting_clean.csv
64,Nehuén Benedetti,ar ARG,MF,RB New York,,2005.0,1.0,0,1,0,0.0,1.05,0.0,0.0,,0,0,Matches,0.0,0.0,0.0,mls_shooting_clean.csv
65,Ramiro Benetti,br BRA,MF,FC Dallas,,1993.0,11.0,0,9,2,22.2,0.82,0.18,0.0,0.0,0,0,Matches,0.0,0.0,0.0,mls_shooting_clean.csv
66,Lasse Berg Johnsen,no NOR,MF,Sporting KC,,1999.0,10.1,1,6,2,33.3,0.59,0.2,0.17,0.5,0,0,Matches,0.0,0.0,0.0,mls_shooting_clean.csv
67,Gustav Berggren,se SWE,"MF,DF",RB New York,,1997.0,3.4,0,8,1,12.5,2.33,0.29,0.0,0.0,0,0,Matches,0.0,0.0,0.0,mls_shooting_clean.csv
68,Sebastian Berhalter,us USA,MF,Vancouver W'caps,,2001.0,12.5,6,32,9,28.1,2.57,0.72,0.16,0.56,1,1,Matches,0.0,0.0,0.0,mls_shooting_clean.csv
69,Juan Berrocal,es ESP,DF,Atlanta Utd,,1999.0,8.1,0,6,0,0.0,0.74,0.0,0.0,,0,0,Matches,0.0,0.0,0.0,mls_shooting_clean.csv
70,Germán Berterame,mx MEX,FW,Inter Miami,,1998.0,12.6,7,32,17,53.1,2.54,1.35,0.22,0.41,0,0,Matches,0.0,0.0,0.0,mls_shooting_clean.csv
71,Pep Biel,es ESP,MF,Charlotte,,1996.0,14.6,7,35,13,37.1,2.4,0.89,0.17,0.46,1,1,Matches,0.0,0.0,0.0,mls_shooting_clean.csv
72,Mamadou Billo Diop,sn SEN,FW,Colorado Rapids,,2006.0,0.2,0,1,0,0.0,4.74,0.0,0.0,,0,0,Matches,0.0,0.0,0.0,mls_shooting_clean.csv
73,Ran Binyamin,il ISR,"MF,DF",FC Dallas,,2004.0,5.0,0,4,1,25.0,0.8,0.2,0.0,0.0,0,0,Matches,0.0,0.0,0.0,mls_shooting_clean.csv
74,Guilherme Biro,br BRA,DF,Austin FC,,2000.0,9.5,1,10,2,20.0,1.05,0.21,0.1,0.5,0,0,Matches,0.0,0.0,0.0,mls_shooting_clean.csv
75,Tristan Blackmon,us USA,DF,Vancouver W'caps,,1996.0,13.0,1,9,3,33.3,0.69,0.23,0.11,0.33,0,0,Matches,0.0,0.0,0.0,mls_shooting_clean.csv
76,Andre Blake,jm JAM,GK,Philadelphia Union,,1990.0,14.0,0,0,0,,0.0,0.0,,,0,0,Matches,0.0,0.0,0.0,mls_shooting_clean.csv
77,Isaac Boehmer,us USA,GK,Vancouver W'caps,,2001.0,1.3,0,0,0,,0.0,0.0,,,0,0,Matches,0.0,0.0,0.0,mls_shooting_clean.csv
78,Mateusz Bogusz,pl POL,"MF,FW",Houston Dynamo,,2001.0,13.1,2,42,16,38.1,3.2,1.22,0.05,0.13,0,0,Matches,0.0,0.0,0.0,mls_shooting_clean.csv
79,Luca Bombino,us USA,DF,San Diego FC,,2006.0,10.3,1,7,2,28.6,0.68,0.19,0.14,0.5,0,0,Matches,0.0,0.0,0.0,mls_shooting_clean.csv
80,Jonathan Bond,eng ENG,GK,Houston Dynamo,,1993.0,13.5,0,0,0,,0.0,0.0,,,0,0,Matches,0.0,0.0,0.0,mls_shooting_clean.csv
81,Alex Bonetig,au AUS,DF,Portland Timbers,,2002.0,7.2,1,1,1,100.0,0.14,0.14,1.0,1.0,0,0,Matches,0.0,0.0,0.0,mls_shooting_clean.csv
82,Zach Booth,us USA,"FW,MF",Real Salt Lake,,2004.0,3.5,1,3,1,33.3,0.85,0.28,0.33,1.0,0,0,Matches,0.0,0.0,0.0,mls_shooting_clean.csv
83,Diego Borges,br BRA,DF,Sporting KC,,2004.0,2.3,0,1,0,0.0,0.44,0.0,0.0,,0,0,Matches,0.0,0.0,0.0,mls_shooting_clean.csv
84,Dylan Borso,us USA,MF,Chicago Fire,,2006.0,0.9,0,3,1,33.3,3.46,1.15,0.0,0.0,0,0,Matches,0.0,0.0,0.0,mls_shooting_clean.csv
85,Antone Bossenberry,ca CAN,MF,Toronto FC,,2008.0,0.4,0,0,0,,0.0,0.0,,,0,0,Matches,0.0,0.0,0.0,mls_shooting_clean.csv
86,Denis Bouanga,ga GAB,"FW,MF",LAFC,,1994.0,13.3,6,46,20,43.5,3.46,1.51,0.13,0.3,0,0,Matches,0.0,0.0,0.0,mls_shooting_clean.csv
87,Ousseni Bouda,bf BFA,MF,SJ Earthquakes,,2000.0,13.1,5,22,11,50.0,1.68,0.84,0.23,0.45,0,0,Matches,0.0,0.0,0.0,mls_shooting_clean.csv
88,Amin Boudri,se SWE,MF,LAFC,,2004.0,0.9,0,4,2,50.0,4.62,2.31,0.0,0.0,0,0,Matches,0.0,0.0,0.0,mls_shooting_clean.csv
89,Agustín Bouzat,ar ARG,MF,Houston Dynamo,,1994.0,6.8,0,11,3,27.3,1.63,0.44,0.0,0.0,0,0,Matches,0.0,0.0,0.0,mls_shooting_clean.csv
90,Michael Boxall,nz NZL,DF,Minnesota Utd,,1988.0,4.4,0,0,0,,0.0,0.0,,,0,0,Matches,0.0,0.0,0.0,mls_shooting_clean.csv
91,Tyler Boyd,us USA,"MF,FW",LAFC,,1994.0,5.0,1,13,6,46.2,2.61,1.21,0.08,0.17,0,0,Matches,0.0,0.0,0.0,mls_shooting_clean.csv
92,Chris Brady,us USA,GK,Chicago Fire,,2004.0,14.0,0,0,0,,0.0,0.0,,,0,0,Matches,0.0,0.0,0.0,mls_shooting_clean.csv
93,David Brekalo,si SVN,DF,Orlando City,,1998.0,8.9,0,5,1,20.0,0.56,0.11,0.0,0.0,0,0,Matches,0.0,0.0,0.0,mls_shooting_clean.csv
94,Luke Brennan,us USA,MF,Atlanta Utd,,2005.0,2.0,0,4,1,25.0,1.96,0.49,0.0,0.0,0,0,Matches,0.0,0.0,0.0,mls_shooting_clean.csv
95,Yannick Bright,it ITA,MF,Inter Miami,,2001.0,10.6,0,4,1,25.0,0.38,0.09,0.0,0.0,0,0,Matches,0.0,0.0,0.0,mls_shooting_clean.csv
96,Brandt Bronico,us USA,MF,Charlotte,,1995.0,5.5,0,1,0,0.0,0.18,0.0,0.0,,0,0,Matches,0.0,0.0,0.0,mls_shooting_clean.csv
97,Snyder Brunell,us USA,MF,Seattle Sounders,,2007.0,8.6,0,13,6,46.2,1.51,0.7,0.0,0.0,0,0,Matches,0.0,0.0,0.0,mls_shooting_clean.csv
98,Charles-Emile Brunet,ca CAN,MF,Nashville SC,,2003.0,0.6,0,0,0,,0.0,0.0,,,0,0,Matches,0.0,0.0,0.0,mls_shooting_clean.csv
99,Pavel Bucha,cz CZE,MF,FC Cincinnati,,1998.0,13.4,2,12,4,33.3,0.89,0.3,0.17,0.5,0,0,Matches,0.0,0.0,0.0,mls_shooting_clean.csv
100,Noel Buck,eng ENG,MF,SJ Earthquakes,,2005.0,0.7,0,0,0,,0.0,0.0,,,0,0,Matches,0.0,0.0,0.0,mls_shooting_clean.csv
101,Dawid Bugaj,pl POL,DF,CF Montréal,,2004.0,7.8,0,9,2,22.2,1.15,0.25,0.0,0.0,0,0,Matches,0.0,0.0,0.0,mls_shooting_clean.csv
102,Roman Bürki,ch SUI,GK,St. Louis City,,1990.0,13.0,0,0,0,,0.0,0.0,,,0,0,Matches,0.0,0.0,0.0,mls_shooting_clean.csv
103,Micah Burton,us USA,FW,Austin FC,,2006.0,0.2,0,1,0,0.0,4.5,0.0,0.0,,0,0,Matches,0.0,0.0,0.0,mls_shooting_clean.csv
104,Brandon Bye,us USA,DF,Portland Timbers,,1995.0,13.2,0,9,1,11.1,0.68,0.08,0.0,0.0,0,0,Matches,0.0,0.0,0.0,mls_shooting_clean.csv
105,Nathan Byrne,eng ENG,DF,Charlotte,,1992.0,13.8,0,3,0,0.0,0.22,0.0,0.0,,0,0,Matches,0.0,0.0,0.0,mls_shooting_clean.csv
106,Rafael Cabral,br BRA,GK,Real Salt Lake,,1990.0,14.0,0,0,0,,0.0,0.0,,,0,0,Matches,0.0,0.0,0.0,mls_shooting_clean.csv
107,Kenji Cabrera,pe PER,MF,Vancouver W'caps,,2003.0,3.5,0,2,0,0.0,0.57,0.0,0.0,,0,0,Matches,0.0,0.0,0.0,mls_shooting_clean.csv
108,Bruno Caicedo,ec ECU,MF,Vancouver W'caps,,2005.0,3.4,2,25,8,32.0,7.4,2.37,0.08,0.25,0,0,Matches,0.0,0.0,0.0,mls_shooting_clean.csv
109,José Caicedo,co COL,MF,Portland Timbers,,2002.0,5.6,0,4,1,25.0,0.72,0.18,0.0,0.0,0,0,Matches,0.0,0.0,0.0,mls_shooting_clean.csv
110,Marcus Caldeira,ca CAN,FW,Minnesota Utd,,2004.0,0.1,0,0,0,,0.0,0.0,,,0,0,Matches,0.0,0.0,0.0,mls_shooting_clean.csv
111,Taylor Calheira,us USA,FW,Sporting KC,,2002.0,3.0,0,8,5,62.5,2.7,1.69,0.0,0.0,0,0,Matches,0.0,0.0,0.0,mls_shooting_clean.csv
112,Noel Caliskan,de GER,MF,Real Salt Lake,,2000.0,13.2,0,10,2,20.0,0.76,0.15,0.0,0.0,0,0,Matches,0.0,0.0,0.0,mls_shooting_clean.csv
113,Drake Callender,us USA,GK,Minnesota Utd,,1997.0,15.0,0,0,0,,0.0,0.0,,,0,0,Matches,0.0,0.0,0.0,mls_shooting_clean.csv
114,Rudy Camacho,fr FRA,DF,Columbus Crew,,1991.0,14.1,0,6,4,66.7,0.43,0.28,0.0,0.0,0,0,Matches,0.0,0.0,0.0,mls_shooting_clean.csv
115,Leonardo Campana,ec ECU,FW,NE Revolution,,2000.0,1.2,1,2,1,50.0,1.65,0.83,0.5,1.0,0,0,Matches,0.0,0.0,0.0,mls_shooting_clean.csv
116,Reggie Cannon,us USA,DF,Colorado Rapids,,1998.0,3.4,0,1,1,100.0,0.29,0.29,0.0,0.0,0,0,Matches,0.0,0.0,0.0,mls_shooting_clean.csv
117,Capita,ao ANG,"MF,FW",Sporting KC,,2002.0,5.8,1,10,4,40.0,1.72,0.69,0.1,0.25,0,0,Matches,0.0,0.0,0.0,mls_shooting_clean.csv
118,Christian Cappis,us USA,MF,FC Dallas,,1999.0,9.3,0,7,0,0.0,0.75,0.0,0.0,,0,0,Matches,0.0,0.0,0.0,mls_shooting_clean.csv
119,Antonio Carlos,br BRA,DF,Houston Dynamo,,1993.0,11.5,0,6,1,16.7,0.52,0.09,0.0,0.0,0,0,Matches,0.0,0.0,0.0,mls_shooting_clean.csv
120,Wikelman Carmona,ve VEN,"MF,FW",CF Montréal,,2003.0,8.8,4,21,8,38.1,2.39,0.91,0.19,0.5,0,0,Matches,0.0,0.0,0.0,mls_shooting_clean.csv
121,Maxi Carrizo,us USA,MF,NYCFC,,2008.0,0.4,0,1,0,0.0,2.65,0.0,0.0,,0,0,Matches,0.0,0.0,0.0,mls_shooting_clean.csv
122,Wilder Cartagena,pe PER,MF,Orlando City,,1994.0,0.5,0,0,0,,0.0,0.0,,,0,0,Matches,0.0,0.0,0.0,mls_shooting_clean.csv
123,Cabral Carter,us USA,GK,LAFC,,2004.0,0.7,0,0,0,,0.0,0.0,,,0,0,Matches,0.0,0.0,0.0,mls_shooting_clean.csv
124,Nico Cavallo,us USA,"DF,MF",NYCFC,,2001.0,5.0,0,0,0,,0.0,0.0,,,0,0,Matches,0.0,0.0,0.0,mls_shooting_clean.csv
125,Brayan Ceballos,co COL,DF,NE Revolution,,2001.0,7.0,2,3,2,66.7,0.43,0.29,0.67,1.0,0,0,Matches,0.0,0.0,0.0,mls_shooting_clean.csv
126,Roman Celentano,us USA,GK,FC Cincinnati,,2000.0,13.0,0,0,0,,0.0,0.0,,,0,0,Matches,0.0,0.0,0.0,mls_shooting_clean.csv
127,Edwin Cerrillo,us USA,MF,LA Galaxy,,2000.0,12.4,0,7,4,57.1,0.56,0.32,0.0,0.0,0,0,Matches,0.0,0.0,0.0,mls_shooting_clean.csv
128,Dylan Chambost,fr FRA,MF,Columbus Crew,,1997.0,8.5,0,7,1,14.3,0.82,0.12,0.0,0.0,0,0,Matches,0.0,0.0,0.0,mls_shooting_clean.csv
129,Tomás Chancalay,ar ARG,"FW,MF",Minnesota Utd,,1999.0,12.4,1,34,10,29.4,2.75,0.81,0.03,0.1,0,0,Matches,0.0,0.0,0.0,mls_shooting_clean.csv
130,Kieran Chandler,us USA,DF,Minnesota Utd,,2005.0,0.1,0,0,0,,0.0,0.0,,,0,0,Matches,0.0,0.0,0.0,mls_shooting_clean.csv
131,Diego Chará,co COL,MF,Portland Timbers,,1986.0,6.1,0,1,0,0.0,0.17,0.0,0.0,,0,0,Matches,0.0,0.0,0.0,mls_shooting_clean.csv
132,Gabriel Chaves,br BRA,"MF,FW",LA Galaxy,,2001.0,13.5,5,59,29,49.2,4.38,2.16,0.08,0.17,0,0,Matches,0.0,0.0,0.0,mls_shooting_clean.csv
133,Justin Che,us USA,DF,RB New York,,2003.0,6.2,0,3,2,66.7,0.49,0.32,0.0,0.0,0,0,Matches,0.0,0.0,0.0,mls_shooting_clean.csv
134,Yevhen Cheberko,ua UKR,"DF,MF",Columbus Crew,,1998.0,0.9,0,0,0,,0.0,0.0,,,0,0,Matches,0.0,0.0,0.0,mls_shooting_clean.csv
135,Andrei Chirilă,us USA,DF,FC Cincinnati,,2008.0,4.7,1,3,2,66.7,0.64,0.43,0.33,0.5,0,0,Matches,0.0,0.0,0.0,mls_shooting_clean.csv
136,Micah Chisholm,ca CAN,DF,Toronto FC,,2004.0,0.7,0,0,0,,0.0,0.0,,,0,0,Matches,0.0,0.0,0.0,mls_shooting_clean.csv
137,Mathieu Choinière,ca CAN,MF,LAFC,,1999.0,8.4,2,10,3,30.0,1.2,0.36,0.2,0.67,0,0,Matches,0.0,0.0,0.0,mls_shooting_clean.csv
138,José Cifuentes,ec ECU,MF,Toronto FC,,1999.0,8.8,1,11,3,27.3,1.25,0.34,0.09,0.33,0,0,Matches,0.0,0.0,0.0,mls_shooting_clean.csv
139,Markus Cimermancic,ca CAN,MF,Toronto FC,,2004.0,1.5,0,1,0,0.0,0.65,0.0,0.0,,0,0,Matches,0.0,0.0,0.0,mls_shooting_clean.csv
140,Caden Clark,us USA,MF,D.C. United,,2003.0,1.0,0,1,0,0.0,1.01,0.0,0.0,,0,0,Matches,0.0,0.0,0.0,mls_shooting_clean.csv
141,Will Cleary,us USA,DF,Charlotte,,2003.0,1.2,0,0,0,,0.0,0.0,,,0,0,Matches,0.0,0.0,0.0,mls_shooting_clean.csv
142,Stefan Cleveland,us USA,GK,Sporting KC,,1994.0,5.0,0,0,0,,0.0,0.0,,,0,0,Matches,0.0,0.0,0.0,mls_shooting_clean.csv
143,Noah Cobb,us USA,DF,Colorado Rapids,,2005.0,3.3,0,1,0,0.0,0.31,0.0,0.0,,0,0,Matches,0.0,0.0,0.0,mls_shooting_clean.csv
144,Alonso Coello,es ESP,MF,Toronto FC,,1999.0,11.4,0,6,2,33.3,0.53,0.18,0.0,0.0,0,0,Matches,0.0,0.0,0.0,mls_shooting_clean.csv
145,Michael Collodi,us USA,GK,FC Dallas,,2001.0,13.0,0,0,0,,0.0,0.0,,,0,0,Matches,0.0,0.0,0.0,mls_shooting_clean.csv
146,Theo Corbeanu,ca CAN,"FW,MF",Toronto FC,,2002.0,0.2,0,0,0,,0.0,0.0,,,0,0,Matches,0.0,0.0,0.0,mls_shooting_clean.csv
147,Matthew Corcoran,us USA,MF,Nashville SC,,2006.0,7.9,0,6,2,33.3,0.76,0.25,0.0,0.0,0,0,Matches,0.0,0.0,0.0,mls_shooting_clean.csv
148,Sergio Córdova,ve VEN,"FW,MF",St. Louis City,,1997.0,5.5,1,7,2,28.6,1.27,0.36,0.14,0.5,0,0,Matches,0.0,0.0,0.0,mls_shooting_clean.csv
149,David Costa,pt POR,MF,Portland Timbers,,2001.0,9.9,1,10,3,30.0,1.01,0.3,0.1,0.33,0,0,Matches,0.0,0.0,0.0,mls_shooting_clean.csv
150,Vitor Costa,br BRA,"DF,MF",SJ Earthquakes,,1994.0,1.0,0,0,0,,0.0,0.0,,,0,0,Matches,0.0,0.0,0.0,mls_shooting_clean.csv
151,Cade Cowell,us USA,"FW,MF",RB New York,,2003.0,9.8,1,26,11,42.3,2.66,1.13,0.04,0.09,0,0,Matches,0.0,0.0,0.0,mls_shooting_clean.csv
152,Brandan Craig,us USA,DF,CF Montréal,,2004.0,3.3,0,4,1,25.0,1.21,0.3,0.0,0.0,0,0,Matches,0.0,0.0,0.0,mls_shooting_clean.csv
153,Maxime Crépeau,ca CAN,GK,Orlando City,,1994.0,13.2,0,0,0,,0.0,0.0,,,0,0,Matches,0.0,0.0,0.0,mls_shooting_clean.csv
154,Andrés Cubas,py PAR,MF,Vancouver W'caps,,1996.0,9.6,0,5,1,20.0,0.52,0.1,0.0,0.0,0,0,Matches,0.0,0.0,0.0,mls_shooting_clean.csv
155,Mauricio Cuevas,us USA,"DF,MF",LA Galaxy,,2003.0,8.0,0,5,3,60.0,0.62,0.37,0.0,0.0,0,0,Matches,0.0,0.0,0.0,mls_shooting_clean.csv
156,Christopher Cupps,us USA,DF,Chicago Fire,,2008.0,0.5,0,0,0,,0.0,0.0,,,0,0,Matches,0.0,0.0,0.0,mls_shooting_clean.csv
157,Hugo Cuypers,be BEL,FW,Chicago Fire,,1997.0,11.0,13,40,22,55.0,3.64,2.0,0.28,0.5,2,4,Matches,0.0,0.0,0.0,mls_shooting_clean.csv
158,Jayden Da,us USA,FW,NE Revolution,,2002.0,0.1,0,0,0,,0.0,0.0,,,0,0,Matches,0.0,0.0,0.0,mls_shooting_clean.csv
159,Bruno Damiani,uy URU,FW,Philadelphia Union,,2002.0,12.3,1,30,4,13.3,2.44,0.33,0.03,0.25,0,0,Matches,0.0,0.0,0.0,mls_shooting_clean.csv
160,Dagur Dan Þórhallsson,is ISL,"MF,DF",CF Montréal,,2000.0,6.7,1,7,3,42.9,1.04,0.45,0.14,0.33,0,0,Matches,0.0,0.0,0.0,mls_shooting_clean.csv
161,Daniel,br BRA,GK,SJ Earthquakes,,1994.0,14.7,0,0,0,,0.0,0.0,,,0,0,Matches,0.0,0.0,0.0,mls_shooting_clean.csv
162,Jesús Daniel Bueno,ve VEN,MF,Philadelphia Union,,1999.0,5.2,1,10,5,50.0,1.92,0.96,0.1,0.2,0,0,Matches,0.0,0.0,0.0,mls_shooting_clean.csv
163,Juan David Mosquera,co COL,DF,Portland Timbers,,2002.0,0.8,1,2,2,100.0,2.57,2.57,0.5,0.5,0,0,Matches,0.0,0.0,0.0,mls_shooting_clean.csv
164,Jake Davis,us USA,"DF,MF",Sporting KC,,2002.0,11.5,0,4,0,0.0,0.35,0.0,0.0,,0,0,Matches,0.0,0.0,0.0,mls_shooting_clean.csv
165,Rodrigo De Paul,ar ARG,MF,Inter Miami,,1994.0,13.0,4,24,10,41.7,1.85,0.77,0.17,0.4,0,0,Matches,0.0,0.0,0.0,mls_shooting_clean.csv
166,Osaze De Rosario,gy GUY,FW,Seattle Sounders,,2001.0,4.0,2,10,3,30.0,2.51,0.75,0.2,0.67,0,0,Matches,0.0,0.0,0.0,mls_shooting_clean.csv
167,Jonathan Dean,us USA,DF,Chicago Fire,,1997.0,8.7,0,0,0,,0.0,0.0,,,0,0,Matches,0.0,0.0,0.0,mls_shooting_clean.csv
168,Louicius Deedson,ht HAI,MF,FC Dallas,,2001.0,2.8,1,6,1,16.7,2.13,0.35,0.17,1.0,0,0,Matches,0.0,0.0,0.0,mls_shooting_clean.csv
169,Marky Delgado,us USA,MF,LAFC,,1995.0,11.2,1,7,2,28.6,0.62,0.18,0.14,0.5,0,0,Matches,0.0,0.0,0.0,mls_shooting_clean.csv
170,Patrickson Delgado,ec ECU,"MF,FW",FC Dallas,,2003.0,5.4,2,12,4,33.3,2.2,0.73,0.17,0.5,0,0,Matches,0.0,0.0,0.0,mls_shooting_clean.csv
171,Kévin Denkey,tg TOG,FW,FC Cincinnati,,2000.0,13.0,9,32,15,46.9,2.47,1.16,0.22,0.47,2,2,Matches,0.0,0.0,0.0,mls_shooting_clean.csv
172,Mikkel Desler,dk DEN,DF,Austin FC,,1995.0,6.1,1,5,2,40.0,0.82,0.33,0.2,0.5,0,0,Matches,0.0,0.0,0.0,mls_shooting_clean.csv
173,Djibril Diani,fr FRA,MF,Charlotte,,1998.0,7.3,0,6,1,16.7,0.82,0.14,0.0,0.0,0,0,Matches,0.0,0.0,0.0,mls_shooting_clean.csv
174,Jefferson Díaz,co COL,DF,Minnesota Utd,,2000.0,12.8,0,14,5,35.7,1.1,0.39,0.0,0.0,0,0,Matches,0.0,0.0,0.0,mls_shooting_clean.csv
175,Mamadou Dieng,sn SEN,FW,Minnesota Utd,,2004.0,2.5,0,9,4,44.4,3.55,1.58,0.0,0.0,0,0,Matches,0.0,0.0,0.0,mls_shooting_clean.csv
176,Griffin Dillon,us USA,MF,Real Salt Lake,,2003.0,3.6,0,4,2,50.0,1.12,0.56,0.0,0.0,0,0,Matches,0.0,0.0,0.0,mls_shooting_clean.csv
177,Puso Dithejane,za RSA,MF,Chicago Fire,,2004.0,1.9,0,8,2,25.0,4.19,1.05,0.0,0.0,0,0,Matches,0.0,0.0,0.0,mls_shooting_clean.csv
178,Innocent Dje,ci CIV,MF,Chicago Fire,,2003.0,10.0,0,6,2,33.3,0.6,0.2,0.0,0.0,0,0,Matches,0.0,0.0,0.0,mls_shooting_clean.csv
179,Nikola Djordjevic,us USA,DF,Vancouver W'caps,,2002.0,0.2,0,1,0,0.0,5.63,0.0,0.0,,0,0,Matches,0.0,0.0,0.0,mls_shooting_clean.csv
180,Ronald Donkor,gh GHA,MF,RB New York,,2004.0,13.1,1,10,4,40.0,0.76,0.31,0.1,0.25,0,0,Matches,0.0,0.0,0.0,mls_shooting_clean.csv
181,Shane Donovan,us USA,MF,Sporting KC,,2007.0,0.0,0,0,0,,0.0,0.0,,,0,0,Matches,0.0,0.0,0.0,mls_shooting_clean.csv
182,Griffin Dorsey,us USA,"MF,DF",Orlando City,,1999.0,10.6,2,12,5,41.7,1.14,0.47,0.17,0.4,0,0,Matches,0.0,0.0,0.0,mls_shooting_clean.csv
183,C.J. dos Santos,cv CPV,GK,San Diego FC,,2000.0,2.0,0,0,0,,0.0,0.0,,,0,0,Matches,0.0,0.0,0.0,mls_shooting_clean.csv
184,Matthew Dos Santos,us USA,DF,RB New York,,2008.0,10.3,0,5,1,20.0,0.48,0.1,0.0,0.0,0,0,Matches,0.0,0.0,0.0,mls_shooting_clean.csv
185,Hassani Dotson,us USA,MF,Seattle Sounders,,1997.0,6.3,0,4,0,0.0,0.64,0.0,0.0,,0,0,Matches,0.0,0.0,0.0,mls_shooting_clean.csv
186,Anders Dreyer,dk DEN,"FW,MF",San Diego FC,,1998.0,14.3,6,47,24,51.1,3.29,1.68,0.09,0.17,2,2,Matches,0.0,0.0,0.0,mls_shooting_clean.csv
187,Manu Duah,gh GHA,DF,San Diego FC,,2005.0,13.3,0,3,0,0.0,0.23,0.0,0.0,,0,0,Matches,0.0,0.0,0.0,mls_shooting_clean.csv
188,Nicolás Dubersarsky,ar ARG,MF,Austin FC,,2004.0,7.3,0,1,0,0.0,0.14,0.0,0.0,,0,0,Matches,0.0,0.0,0.0,mls_shooting_clean.csv
189,Morris Duggan,de GER,DF,Minnesota Utd,,2000.0,15.0,1,10,5,50.0,0.67,0.33,0.1,0.2,0,0,Matches,0.0,0.0,0.0,mls_shooting_clean.csv
190,Bryce Duke,us USA,DF,San Diego FC,,2001.0,0.9,0,0,0,,0.0,0.0,,,0,0,Matches,0.0,0.0,0.0,mls_shooting_clean.csv
191,Kyle Duncan,us USA,"MF,DF",Minnesota Utd,,1997.0,9.2,1,5,2,40.0,0.54,0.22,0.2,0.5,0,0,Matches,0.0,0.0,0.0,mls_shooting_clean.csv
192,Chris Durkin,us USA,MF,St. Louis City,,2000.0,12.5,2,12,4,33.3,0.96,0.32,0.17,0.5,0,0,Matches,0.0,0.0,0.0,mls_shooting_clean.csv
193,Jeremy Ebobisse,us USA,FW,LAFC,,1997.0,2.0,0,3,2,66.7,1.53,1.02,0.0,0.0,0,0,Matches,0.0,0.0,0.0,mls_shooting_clean.csv
194,Ender Echenique,ve VEN,MF,FC Cincinnati,,2004.0,8.6,1,14,5,35.7,1.63,0.58,0.07,0.2,0,0,Matches,0.0,0.0,0.0,mls_shooting_clean.csv
195,Daniel Edelman,us USA,MF,St. Louis City,,2003.0,11.9,1,7,1,14.3,0.59,0.08,0.14,1.0,0,0,Matches,0.0,0.0,0.0,mls_shooting_clean.csv
196,Earl Edwards Jr.,us USA,GK,SJ Earthquakes,,1992.0,0.3,0,0,0,,0.0,0.0,,,0,0,Matches,0.0,0.0,0.0,mls_shooting_clean.csv
197,Matthew Edwards,us USA,DF,Atlanta Utd,,2003.0,2.8,0,1,0,0.0,0.35,0.0,0.0,,0,0,Matches,0.0,0.0,0.0,mls_shooting_clean.csv
198,Raheem Edwards,ca CAN,"DF,MF",Toronto FC,,1995.0,8.2,0,3,1,33.3,0.37,0.12,0.0,0.0,0,0,Matches,0.0,0.0,0.0,mls_shooting_clean.csv
199,Wilson Eisner,us USA,DF,San Diego FC,,2002.0,1.3,0,0,0,,0.0,0.0,,,0,0,Matches,0.0,0.0,0.0,mls_shooting_clean.csv
200,Troy Elgersma,,MF,LA Galaxy,,,0.0,0,0,0,,0.0,0.0,,,0,0,Matches,0.0,0.0,0.0,mls_shooting_clean.csv
201,Jack Elliott,eng ENG,DF,Chicago Fire,,1995.0,11.4,0,10,0,0.0,0.88,0.0,0.0,,0,0,Matches,0.0,0.0,0.0,mls_shooting_clean.csv
202,Justin Ellis,us USA,"FW,MF",Orlando City,,2007.0,5.9,1,9,5,55.6,1.52,0.84,0.11,0.2,0,0,Matches,0.0,0.0,0.0,mls_shooting_clean.csv
203,Rayan Elloumi,tn TUN,FW,Vancouver W'caps,,2007.0,0.9,0,2,2,100.0,2.22,2.22,0.0,0.0,0,0,Matches,0.0,0.0,0.0,mls_shooting_clean.csv
204,Lukas Engel,dk DEN,DF,Real Salt Lake,,1998.0,7.3,0,6,0,0.0,0.82,0.0,0.0,,0,0,Matches,0.0,0.0,0.0,mls_shooting_clean.csv
205,Lawrence Ennali,de GER,"MF,DF",Houston Dynamo,,2002.0,12.1,3,11,5,45.5,0.91,0.41,0.27,0.6,0,0,Matches,0.0,0.0,0.0,mls_shooting_clean.csv
206,Olger Escobar,gt GUA,"MF,FW",CF Montréal,,2006.0,3.2,0,7,2,28.6,2.16,0.62,0.0,0.0,0,0,Matches,0.0,0.0,0.0,mls_shooting_clean.csv
207,Cristian Espinoza,ar ARG,"MF,FW",Nashville SC,,1995.0,11.0,3,16,7,43.8,1.46,0.64,0.19,0.43,0,0,Matches,0.0,0.0,0.0,mls_shooting_clean.csv
208,Derrick Etienne,ht HAI,"MF,FW",Toronto FC,,1996.0,7.2,2,11,7,63.6,1.53,0.98,0.18,0.29,0,0,Matches,0.0,0.0,0.0,mls_shooting_clean.csv
209,Stephen Eustáquio,ca CAN,MF,LAFC,,1996.0,6.7,1,6,2,33.3,0.9,0.3,0.17,0.5,0,0,Matches,0.0,0.0,0.0,mls_shooting_clean.csv
210,Evander,br BRA,"MF,FW",FC Cincinnati,,1998.0,12.3,9,50,25,50.0,4.06,2.03,0.12,0.24,3,3,Matches,0.0,0.0,0.0,mls_shooting_clean.csv
211,Matthew Evans,gt GUA,MF,LAFC,,2006.0,0.6,0,2,1,50.0,3.27,1.64,0.0,0.0,0,0,Matches,0.0,0.0,0.0,mls_shooting_clean.csv
212,Nicolás Ezequiel Fernández,ar ARG,FW,NYCFC,,2000.0,14.7,10,42,25,59.5,2.86,1.7,0.19,0.32,2,2,Matches,0.0,0.0,0.0,mls_shooting_clean.csv
213,Diego Fagúndez,uy URU,MF,NE Revolution,,1995.0,2.1,0,1,0,0.0,0.47,0.0,0.0,,0,0,Matches,0.0,0.0,0.0,mls_shooting_clean.csv
214,Maximiliano Falcón,uy URU,DF,Inter Miami,,1997.0,9.0,0,3,0,0.0,0.33,0.0,0.0,,0,0,Matches,0.0,0.0,0.0,mls_shooting_clean.csv
215,Fallou Fall,sn SEN,DF,St. Louis City,,2004.0,2.5,1,3,1,33.3,1.21,0.4,0.33,1.0,0,0,Matches,0.0,0.0,0.0,mls_shooting_clean.csv
216,Mamadou Fall,sn SEN,DF,St. Louis City,,2002.0,0.4,0,0,0,,0.0,0.0,,,0,0,Matches,0.0,0.0,0.0,mls_shooting_clean.csv
217,Arnau Farnós,es ESP,MF,NYCFC,,2003.0,1.7,0,2,1,50.0,1.18,0.59,0.0,0.0,0,0,Matches,0.0,0.0,0.0,mls_shooting_clean.csv
218,Andrew Farrell,us USA,DF,NE Revolution,,1992.0,1.0,0,0,0,,0.0,0.0,,,0,0,Matches,0.0,0.0,0.0,mls_shooting_clean.csv
219,Logan Farrington,us USA,"FW,MF",FC Dallas,,2001.0,8.7,6,25,11,44.0,2.88,1.27,0.2,0.45,1,1,Matches,0.0,0.0,0.0,mls_shooting_clean.csv
220,Mohamed Farsi,dz ALG,"MF,DF",Columbus Crew,,1999.0,2.3,0,3,2,66.7,1.3,0.87,0.0,0.0,0,0,Matches,0.0,0.0,0.0,mls_shooting_clean.csv
221,Ilay Feingold,il ISR,DF,NE Revolution,,2004.0,7.4,1,6,1,16.7,0.81,0.14,0.17,1.0,0,0,Matches,0.0,0.0,0.0,mls_shooting_clean.csv
222,Nick Fernandez,us USA,MF,SJ Earthquakes,,2001.0,3.5,1,9,3,33.3,2.56,0.85,0.11,0.33,0,0,Matches,0.0,0.0,0.0,mls_shooting_clean.csv
223,Duran Ferree,us USA,GK,San Diego FC,,2006.0,12.0,0,1,0,0.0,0.08,0.0,0.0,,0,0,Matches,0.0,0.0,0.0,mls_shooting_clean.csv
224,Jesús Ferreira,us USA,MF,Seattle Sounders,,2000.0,9.6,2,20,10,50.0,2.09,1.05,0.1,0.2,0,1,Matches,0.0,0.0,0.0,mls_shooting_clean.csv
225,Dominik Fitz,at AUT,"FW,MF",Minnesota Utd,,1999.0,0.1,0,0,0,,0.0,0.0,,,0,0,Matches,0.0,0.0,0.0,mls_shooting_clean.csv
226,Gilberto Flores,py PAR,DF,FC Cincinnati,,2003.0,3.4,0,1,0,0.0,0.3,0.0,0.0,,0,0,Matches,0.0,0.0,0.0,mls_shooting_clean.csv
227,Max Floriani,us USA,DF,SJ Earthquakes,,2003.0,1.8,0,0,0,,0.0,0.0,,,0,0,Matches,0.0,0.0,0.0,mls_shooting_clean.csv
228,CJ Fodrey,us USA,FW,Austin FC,,2004.0,2.7,0,4,1,25.0,1.46,0.36,0.0,0.0,0,0,Matches,0.0,0.0,0.0,mls_shooting_clean.csv
229,Mamadou Fofana,ml MLI,DF,NE Revolution,,1998.0,13.0,1,1,1,100.0,0.08,0.08,1.0,1.0,0,0,Matches,0.0,0.0,0.0,mls_shooting_clean.csv
230,Emil Forsberg,se SWE,MF,RB New York,,1991.0,11.9,1,26,8,30.8,2.18,0.67,0.04,0.13,0,0,Matches,0.0,0.0,0.0,mls_shooting_clean.csv
231,Ajani Fortune,tt TRI,MF,Atlanta Utd,,2002.0,5.0,2,10,5,50.0,2.01,1.0,0.2,0.4,0,0,Matches,0.0,0.0,0.0,mls_shooting_clean.csv
232,Jimer Fory,co COL,DF,Portland Timbers,,2002.0,11.9,0,3,0,0.0,0.25,0.0,0.0,,0,0,Matches,0.0,0.0,0.0,mls_shooting_clean.csv
233,Kobe Franklin,ca CAN,"DF,MF",Toronto FC,,2003.0,8.5,2,7,4,57.1,0.82,0.47,0.29,0.5,0,0,Matches,0.0,0.0,0.0,mls_shooting_clean.csv
234,Ian Fray,jm JAM,DF,Inter Miami,,2002.0,7.4,1,6,3,50.0,0.81,0.41,0.17,0.33,0,0,Matches,0.0,0.0,0.0,mls_shooting_clean.csv
235,Wayne Frederick,tt TRI,"MF,DF",Colorado Rapids,,2004.0,10.3,2,8,2,25.0,0.78,0.19,0.25,1.0,0,0,Matches,0.0,0.0,0.0,mls_shooting_clean.csv
236,Matt Freese,us USA,GK,NYCFC,,1998.0,15.0,0,1,0,0.0,0.07,0.0,0.0,,0,0,Matches,0.0,0.0,0.0,mls_shooting_clean.csv
237,Malcolm Fry,us USA,FW,NE Revolution,,2005.0,0.5,0,0,0,,0.0,0.0,,,0,0,Matches,0.0,0.0,0.0,mls_shooting_clean.csv
238,Matías Galarza,py PAR,"MF,FW",Atlanta Utd,,2002.0,7.4,0,18,5,27.8,2.44,0.68,0.0,0.0,0,0,Matches,0.0,0.0,0.0,mls_shooting_clean.csv
239,Jon Gallagher,ie IRL,"DF,MF",Austin FC,,1996.0,13.2,0,8,3,37.5,0.61,0.23,0.0,0.0,0,0,Matches,0.0,0.0,0.0,mls_shooting_clean.csv
240,Carlos Garcés,co COL,DF,LA Galaxy,,2001.0,7.8,0,1,0,0.0,0.13,0.0,0.0,,0,0,Matches,0.0,0.0,0.0,mls_shooting_clean.csv
241,Manu García,es ESP,"MF,FW",Sporting KC,,1998.0,11.1,1,6,2,33.3,0.54,0.18,0.17,0.5,0,0,Matches,0.0,0.0,0.0,mls_shooting_clean.csv
242,Luka Gavran,ca CAN,GK,Toronto FC,,2000.0,14.0,1,2,1,50.0,0.14,0.07,0.5,1.0,0,0,Matches,0.0,0.0,0.0,mls_shooting_clean.csv
243,Dániel Gazdag,hu HUN,FW,Columbus Crew,,1996.0,6.1,1,9,2,22.2,1.47,0.33,0.11,0.5,0,0,Matches,0.0,0.0,0.0,mls_shooting_clean.csv
244,Owen Géne,fr FRA,MF,Minnesota Utd,,2003.0,7.7,0,3,0,0.0,0.39,0.0,0.0,,0,0,Matches,0.0,0.0,0.0,mls_shooting_clean.csv
245,Mihail Gherasimencov,md MDA,DF,Vancouver W'caps,,2005.0,2.4,0,1,0,0.0,0.41,0.0,0.0,,0,0,Matches,0.0,0.0,0.0,mls_shooting_clean.csv
246,Samuel Gidi,sk SVK,"MF,DF",FC Cincinnati,,2004.0,11.6,0,1,0,0.0,0.09,0.0,0.0,,0,0,Matches,0.0,0.0,0.0,mls_shooting_clean.csv
247,Carles Gil,es ESP,MF,NE Revolution,,1992.0,13.9,5,23,12,52.2,1.65,0.86,0.09,0.17,3,3,Matches,0.0,0.0,0.0,mls_shooting_clean.csv
248,Thomas Gillier,cl CHI,GK,CF Montréal,,2004.0,14.0,0,0,0,,0.0,0.0,,,0,0,Matches,0.0,0.0,0.0,mls_shooting_clean.csv
249,Jackson Gilman,us USA,DF,Toronto FC,,2004.0,1.9,0,1,1,100.0,0.51,0.51,0.0,0.0,0,0,Matches,0.0,0.0,0.0,mls_shooting_clean.csv
250,Justen Glad,us USA,DF,Real Salt Lake,,1997.0,11.7,0,4,1,25.0,0.34,0.09,0.0,0.0,0,0,Matches,0.0,0.0,0.0,mls_shooting_clean.csv
251,Jakob Glesnes,no NOR,DF,LA Galaxy,,1994.0,8.5,0,2,0,0.0,0.24,0.0,0.0,,0,0,Matches,0.0,0.0,0.0,mls_shooting_clean.csv
252,Aníbal Godoy,pa PAN,MF,San Diego FC,,1990.0,8.8,0,1,0,0.0,0.11,0.0,0.0,,0,0,Matches,0.0,0.0,0.0,mls_shooting_clean.csv
253,André Gomes,pt POR,MF,Columbus Crew,,1993.0,7.5,0,8,2,25.0,1.07,0.27,0.0,0.0,0,0,Matches,0.0,0.0,0.0,mls_shooting_clean.csv
254,Yeimar Gómez Andrade,co COL,DF,Seattle Sounders,,1992.0,1.9,0,4,1,25.0,2.13,0.53,0.0,0.0,0,0,Matches,0.0,0.0,0.0,mls_shooting_clean.csv
255,Ignacio Gómez,ar ARG,MF,Orlando City,,2006.0,0.2,1,1,1,100.0,6.43,6.43,1.0,1.0,0,0,Matches,0.0,0.0,0.0,mls_shooting_clean.csv
256,Sebastian Gomez,us USA,MF,Seattle Sounders,,2006.0,0.2,0,1,0,0.0,6.0,0.0,0.0,,0,0,Matches,0.0,0.0,0.0,mls_shooting_clean.csv
257,Nicksoen Gomis,fr FRA,DF,Toronto FC,,2002.0,0.9,0,1,0,0.0,1.15,0.0,0.0,,0,0,Matches,0.0,0.0,0.0,mls_shooting_clean.csv
258,Jonathan González,mx MEX,MF,SJ Earthquakes,,1999.0,1.8,0,0,0,,0.0,0.0,,,0,0,Matches,0.0,0.0,0.0,mls_shooting_clean.csv
259,Mauricio Gonzalez,,MF,Minnesota Utd,,,0.8,1,4,3,75.0,4.74,3.55,0.25,0.33,0,0,Matches,0.0,0.0,0.0,mls_shooting_clean.csv
260,Archie Goodwin,au AUS,FW,Charlotte,,2004.0,2.0,3,9,6,66.7,4.48,2.98,0.22,0.33,1,1,Matches,0.0,0.0,0.0,mls_shooting_clean.csv
261,Zavier Gozo,us USA,"MF,FW",Real Salt Lake,,2007.0,13.7,6,47,19,40.4,3.43,1.38,0.13,0.32,0,0,Matches,0.0,0.0,0.0,mls_shooting_clean.csv
262,Tayvon Gray,jm JAM,DF,NYCFC,,2002.0,13.5,1,10,4,40.0,0.74,0.3,0.1,0.25,0,0,Matches,0.0,0.0,0.0,mls_shooting_clean.csv
263,Julian Gressel,us USA,"DF,MF",Minnesota Utd,,1993.0,0.6,0,0,0,,0.0,0.0,,,0,0,Matches,0.0,0.0,0.0,mls_shooting_clean.csv
264,Yuri Guboglo,ht HAI,DF,CF Montréal,,2007.0,0.7,0,0,0,,0.0,0.0,,,0,0,Matches,0.0,0.0,0.0,mls_shooting_clean.csv
265,Gage Guerra,us USA,FW,Portland Timbers,,2002.0,3.1,1,6,2,33.3,1.94,0.65,0.17,0.5,0,0,Matches,0.0,0.0,0.0,mls_shooting_clean.csv
266,Morgan Guilavogui,gn GUI,"MF,FW",Real Salt Lake,,1998.0,9.2,1,30,13,43.3,3.26,1.41,0.03,0.08,0,0,Matches,0.0,0.0,0.0,mls_shooting_clean.csv
267,Guilherme,br BRA,"FW,MF",Houston Dynamo,,1995.0,12.9,8,38,19,50.0,2.95,1.47,0.21,0.42,0,0,Matches,0.0,0.0,0.0,mls_shooting_clean.csv
268,Colin Guske,us USA,MF,Orlando City,,2007.0,3.2,0,1,0,0.0,0.32,0.0,0.0,,0,0,Matches,0.0,0.0,0.0,mls_shooting_clean.csv
269,Raul Gustavo,br BRA,DF,NYCFC,,1999.0,10.6,0,7,2,28.6,0.66,0.19,0.0,0.0,0,0,Matches,0.0,0.0,0.0,mls_shooting_clean.csv
270,Andrew Gutman,us USA,DF,Chicago Fire,,1996.0,8.8,1,10,2,20.0,1.14,0.23,0.1,0.5,0,0,Matches,0.0,0.0,0.0,mls_shooting_clean.csv
271,Justin Haak,us USA,"DF,MF",LA Galaxy,,2001.0,12.1,0,6,0,0.0,0.49,0.0,0.0,,0,0,Matches,0.0,0.0,0.0,mls_shooting_clean.csv
272,Taha Habroune,us USA,"MF,FW",Columbus Crew,,2006.0,10.3,1,7,3,42.9,0.68,0.29,0.14,0.33,0,0,Matches,0.0,0.0,0.0,mls_shooting_clean.csv
273,Teenage Hadebe,zw ZIM,DF,FC Cincinnati,,1995.0,3.0,0,2,0,0.0,0.66,0.0,0.0,,0,0,Matches,0.0,0.0,0.0,mls_shooting_clean.csv
274,Nick Hagglund,us USA,DF,FC Cincinnati,,1992.0,9.5,1,10,3,30.0,1.05,0.32,0.1,0.33,0,0,Matches,0.0,0.0,0.0,mls_shooting_clean.csv
275,Maren Haile-Selassie,ch SUI,"MF,FW",Chicago Fire,,1999.0,11.6,3,23,10,43.5,1.98,0.86,0.13,0.3,0,0,Matches,0.0,0.0,0.0,mls_shooting_clean.csv
276,Julian Hall,us USA,FW,RB New York,,2008.0,14.2,9,27,15,55.6,1.9,1.05,0.33,0.6,0,0,Matches,0.0,0.0,0.0,mls_shooting_clean.csv
277,Lucas Halter,br BRA,DF,Houston Dynamo,,2000.0,2.8,0,3,0,0.0,1.08,0.0,0.0,,0,0,Matches,0.0,0.0,0.0,mls_shooting_clean.csv
278,Nicholas Hansen,dk DEN,GK,Colorado Rapids,,2001.0,6.0,0,0,0,,0.0,0.0,,,0,0,Matches,0.0,0.0,0.0,mls_shooting_clean.csv
279,Ian Harkes,us USA,MF,SJ Earthquakes,,1995.0,5.7,0,8,2,25.0,1.4,0.35,0.0,0.0,0,0,Matches,0.0,0.0,0.0,mls_shooting_clean.csv
280,Cameron Harper,us USA,"DF,MF",RB New York,,2001.0,0.1,0,1,0,0.0,7.5,0.0,0.0,,0,0,Matches,0.0,0.0,0.0,mls_shooting_clean.csv
281,Nathan Harriel,us USA,DF,Philadelphia Union,,2001.0,15.0,1,16,4,25.0,1.07,0.27,0.06,0.25,0,0,Matches,0.0,0.0,0.0,mls_shooting_clean.csv
282,Alex Harris,us USA,FW,Colorado Rapids,,2005.0,1.1,0,3,2,66.7,2.84,1.89,0.0,0.0,0,0,Matches,0.0,0.0,0.0,mls_shooting_clean.csv
283,Calvin Harris,eng ENG,"FW,MF",Sporting KC,,2000.0,11.2,2,27,10,37.0,2.42,0.9,0.07,0.2,0,0,Matches,0.0,0.0,0.0,mls_shooting_clean.csv
284,Marcel Hartel,de GER,"MF,FW",St. Louis City,,1996.0,12.0,3,43,18,41.9,3.59,1.5,0.07,0.17,0,0,Matches,0.0,0.0,0.0,mls_shooting_clean.csv
285,Carlos Harvey,pa PAN,DF,Minnesota Utd,,2000.0,1.1,0,0,0,,0.0,0.0,,,0,0,Matches,0.0,0.0,0.0,mls_shooting_clean.csv
286,Thomas Hasal,ca CAN,GK,LAFC,,1999.0,2.3,0,0,0,,0.0,0.0,,,0,0,Matches,0.0,0.0,0.0,mls_shooting_clean.csv
287,Silvan Hefti,ch SUI,DF,D.C. United,,1997.0,13.5,0,3,0,0.0,0.22,0.0,0.0,,0,0,Matches,0.0,0.0,0.0,mls_shooting_clean.csv
288,Malik Henry,ca CAN,MF,Toronto FC,,2002.0,5.4,0,4,1,25.0,0.74,0.18,0.0,0.0,0,0,Matches,0.0,0.0,0.0,mls_shooting_clean.csv
289,Fabian Herbers,de GER,"FW,MF",CF Montréal,,1993.0,1.1,0,0,0,,0.0,0.0,,,0,0,Matches,0.0,0.0,0.0,mls_shooting_clean.csv
290,Ronald Hernández,ve VEN,DF,Atlanta Utd,,1997.0,1.7,0,0,0,,0.0,0.0,,,0,0,Matches,0.0,0.0,0.0,mls_shooting_clean.csv
291,Aaron Herrera,gt GUA,MF,D.C. United,,1997.0,4.3,0,7,0,0.0,1.63,0.0,0.0,,0,0,Matches,0.0,0.0,0.0,mls_shooting_clean.csv
292,Héctor Herrera,mx MEX,MF,Houston Dynamo,,1990.0,6.2,1,7,2,28.6,1.13,0.32,0.14,0.5,0,0,Matches,0.0,0.0,0.0,mls_shooting_clean.csv
293,Marcelo Herrera,ar ARG,"DF,MF",Columbus Crew,,1998.0,9.5,0,12,5,41.7,1.26,0.52,0.0,0.0,0,0,Matches,0.0,0.0,0.0,mls_shooting_clean.csv
294,Lucas Herrington,au AUS,DF,Colorado Rapids,,2007.0,15.0,1,2,1,50.0,0.13,0.07,0.5,1.0,0,0,Matches,0.0,0.0,0.0,mls_shooting_clean.csv
295,Son Heung-min,kr KOR,"FW,MF",LAFC,,1992.0,11.6,0,39,10,25.6,3.37,0.86,0.0,0.0,0,0,Matches,0.0,0.0,0.0,mls_shooting_clean.csv
296,Aiden Hezarkhani,us USA,"MF,FW",Real Salt Lake,,2007.0,6.2,2,12,5,41.7,1.94,0.81,0.17,0.4,0,0,Matches,0.0,0.0,0.0,mls_shooting_clean.csv
297,Bode Hidalgo,us USA,DF,CF Montréal,,2002.0,2.8,0,1,0,0.0,0.35,0.0,0.0,,0,0,Matches,0.0,0.0,0.0,mls_shooting_clean.csv
298,Brendan Hines-Ike,us USA,DF,Austin FC,,1994.0,10.5,1,6,4,66.7,0.57,0.38,0.17,0.25,0,0,Matches,0.0,0.0,0.0,mls_shooting_clean.csv
299,Bongokuhle Hlongwane,za RSA,MF,Minnesota Utd,,2000.0,4.6,0,5,0,0.0,1.09,0.0,0.0,,0,0,Matches,0.0,0.0,0.0,mls_shooting_clean.csv
300,Rob Holding,eng ENG,DF,Colorado Rapids,,1995.0,10.8,0,4,1,25.0,0.37,0.09,0.0,0.0,0,0,Matches,0.0,0.0,0.0,mls_shooting_clean.csv
301,Ryan Hollingshead,us USA,"MF,DF",LAFC,,1991.0,6.7,1,6,2,33.3,0.9,0.3,0.17,0.5,0,0,Matches,0.0,0.0,0.0,mls_shooting_clean.csv
302,Duane Holmes,us USA,"MF,DF",Houston Dynamo,,1994.0,5.7,0,4,1,25.0,0.7,0.18,0.0,0.0,0,0,Matches,0.0,0.0,0.0,mls_shooting_clean.csv
303,Jackson Hopkins,us USA,"FW,MF",D.C. United,,2004.0,12.0,2,20,11,55.0,1.67,0.92,0.1,0.18,0,0,Matches,0.0,0.0,0.0,mls_shooting_clean.csv
304,Ethan Horvath,us USA,GK,RB New York,,1995.0,15.0,0,0,0,,0.0,0.0,,,0,0,Matches,0.0,0.0,0.0,mls_shooting_clean.csv
305,Lucas Hoyos,ar ARG,GK,Atlanta Utd,,1989.0,14.0,0,0,0,,0.0,0.0,,,0,0,Matches,0.0,0.0,0.0,mls_shooting_clean.csv
306,Keegan Hughes,us USA,DF,NE Revolution,,2000.0,0.9,0,0,0,,0.0,0.0,,,0,0,Matches,0.0,0.0,0.0,mls_shooting_clean.csv
307,Iago,br BRA,DF,Orlando City,,2005.0,11.2,0,9,2,22.2,0.81,0.18,0.0,0.0,0,0,Matches,0.0,0.0,0.0,mls_shooting_clean.csv
308,Sebastien Ibeagha,us USA,DF,FC Dallas,,1992.0,10.7,0,4,2,50.0,0.37,0.19,0.0,0.0,0,0,Matches,0.0,0.0,0.0,mls_shooting_clean.csv
309,Aliyu Ibrahim,ng NGA,MF,Houston Dynamo,,2002.0,2.9,1,6,1,16.7,2.08,0.35,0.17,1.0,0,0,Matches,0.0,0.0,0.0,mls_shooting_clean.csv
310,Milan Iloski,us USA,"FW,MF",Philadelphia Union,,1999.0,13.3,7,52,18,34.6,3.9,1.35,0.1,0.28,2,3,Matches,0.0,0.0,0.0,mls_shooting_clean.csv
311,Marcus Ingvartsen,dk DEN,FW,San Diego FC,,1996.0,12.3,11,37,16,43.2,3.01,1.3,0.27,0.63,1,1,Matches,0.0,0.0,0.0,mls_shooting_clean.csv
312,Eric Izoita,us USA,MF,Portland Timbers,,2007.0,1.0,1,1,1,100.0,1.0,1.0,1.0,1.0,0,0,Matches,0.0,0.0,0.0,mls_shooting_clean.csv
313,Ayoub Jabbari,ma MAR,FW,FC Cincinnati,,2000.0,4.1,1,7,2,28.6,1.71,0.49,0.14,0.5,0,0,Matches,0.0,0.0,0.0,mls_shooting_clean.csv
314,Aziel Jackson,us USA,MF,Vancouver W'caps,,2001.0,5.8,1,16,8,50.0,2.74,1.37,0.06,0.13,0,0,Matches,0.0,0.0,0.0,mls_shooting_clean.csv
315,Tomás Jacob,ar ARG,"DF,MF",Atlanta Utd,,2004.0,11.4,1,5,1,20.0,0.44,0.09,0.2,1.0,0,0,Matches,0.0,0.0,0.0,mls_shooting_clean.csv
316,Ivan Jaime Pajuelo,es ESP,"MF,FW",CF Montréal,,2000.0,9.2,1,27,8,29.6,2.94,0.87,0.04,0.13,0,0,Matches,0.0,0.0,0.0,mls_shooting_clean.csv
317,Malik Jakupović,us USA,FW,Philadelphia Union,,2009.0,0.7,0,0,0,,0.0,0.0,,,0,0,Matches,0.0,0.0,0.0,mls_shooting_clean.csv
318,Ian James,us USA,DF,Sporting KC,,2008.0,8.5,0,3,1,33.3,0.35,0.12,0.0,0.0,0,0,Matches,0.0,0.0,0.0,mls_shooting_clean.csv
319,Robin Jansson,se SWE,DF,Orlando City,,1991.0,8.4,0,0,0,,0.0,0.0,,,0,0,Matches,0.0,0.0,0.0,mls_shooting_clean.csv
320,Jack Jasinski,us USA,DF,SJ Earthquakes,,2003.0,4.3,1,5,2,40.0,1.17,0.47,0.2,0.5,0,0,Matches,0.0,0.0,0.0,mls_shooting_clean.csv
321,Danley Jean-Jacques,ht HAI,MF,Philadelphia Union,,2000.0,12.8,2,12,2,16.7,0.94,0.16,0.17,1.0,0,0,Matches,0.0,0.0,0.0,mls_shooting_clean.csv
322,Stiven Jimenez,us USA,MF,FC Cincinnati,,2007.0,0.0,0,0,0,,0.0,0.0,,,0,0,Matches,0.0,0.0,0.0,mls_shooting_clean.csv
323,Julio Joao Ortíz,ec ECU,MF,Portland Timbers,,1996.0,4.8,0,5,1,20.0,1.03,0.21,0.0,0.0,0,0,Matches,0.0,0.0,0.0,mls_shooting_clean.csv
324,Herman Johansson,se SWE,"MF,DF",FC Dallas,,1997.0,11.1,0,3,2,66.7,0.27,0.18,0.0,0.0,0,0,Matches,0.0,0.0,0.0,mls_shooting_clean.csv
325,Aron John,us USA,MF,Charlotte,,2006.0,0.0,0,0,0,,0.0,0.0,,,0,0,Matches,0.0,0.0,0.0,mls_shooting_clean.csv
326,Darius Johnson,gd GRN,MF,SJ Earthquakes,,2000.0,0.3,0,1,1,100.0,3.21,3.21,0.0,0.0,0,0,Matches,0.0,0.0,0.0,mls_shooting_clean.csv
327,Sean Johnson,us USA,GK,D.C. United,,1989.0,15.0,0,0,0,,0.0,0.0,,,0,0,Matches,0.0,0.0,0.0,mls_shooting_clean.csv
328,Tate Johnson,us USA,DF,Vancouver W'caps,,2005.0,10.8,0,2,0,0.0,0.19,0.0,0.0,,0,0,Matches,0.0,0.0,0.0,mls_shooting_clean.csv
329,DeJuan Jones,us USA,DF,SJ Earthquakes,,1997.0,4.0,0,1,0,0.0,0.25,0.0,0.0,,0,0,Matches,0.0,0.0,0.0,mls_shooting_clean.csv
330,Malachi Jones,sl SLE,MF,NYCFC,,2003.0,2.4,0,9,5,55.6,3.72,2.06,0.0,0.0,0,0,Matches,0.0,0.0,0.0,mls_shooting_clean.csv
331,Dejan Joveljić,rs SRB,FW,Sporting KC,,1999.0,13.8,6,23,15,65.2,1.67,1.09,0.26,0.4,0,0,Matches,0.0,0.0,0.0,mls_shooting_clean.csv
332,Mykhi Joyner,us USA,FW,St. Louis City,,2006.0,0.3,0,1,0,0.0,3.0,0.0,0.0,,0,0,Matches,0.0,0.0,0.0,mls_shooting_clean.csv
333,Preston Judd,us USA,FW,SJ Earthquakes,,1999.0,13.1,11,50,26,52.0,3.8,1.98,0.22,0.42,0,0,Matches,0.0,0.0,0.0,mls_shooting_clean.csv
334,Anderson Julio,ec ECU,"FW,MF",FC Dallas,,1996.0,0.3,0,1,1,100.0,3.1,3.1,0.0,0.0,0,0,Matches,0.0,0.0,0.0,mls_shooting_clean.csv
335,Sam Junqua,us USA,DF,Real Salt Lake,,1996.0,7.2,0,2,1,50.0,0.28,0.14,0.0,0.0,0,0,Matches,0.0,0.0,0.0,mls_shooting_clean.csv
336,Kristijan Kahlina,hr CRO,GK,Charlotte,,1992.0,15.0,0,0,0,,0.0,0.0,,,0,0,Matches,0.0,0.0,0.0,mls_shooting_clean.csv
337,Kaick,br BRA,MF,FC Dallas,,2005.0,12.4,1,13,4,30.8,1.05,0.32,0.08,0.25,0,0,Matches,0.0,0.0,0.0,mls_shooting_clean.csv
338,Bernard Kamungo,us USA,"MF,DF",FC Dallas,,2002.0,5.7,0,6,2,33.3,1.06,0.35,0.0,0.0,0,0,Matches,0.0,0.0,0.0,mls_shooting_clean.csv
339,Alexandros Katranis,gr GRE,"MF,DF",Real Salt Lake,,1998.0,3.7,0,3,2,66.7,0.81,0.54,0.0,0.0,0,0,Matches,0.0,0.0,0.0,mls_shooting_clean.csv
340,Kim Kee-hee,kr KOR,DF,Seattle Sounders,,1989.0,0.7,0,0,0,,0.0,0.0,,,0,0,Matches,0.0,0.0,0.0,mls_shooting_clean.csv
341,Kevin Kelsy,ve VEN,FW,Portland Timbers,,2004.0,8.2,5,24,11,45.8,2.94,1.35,0.21,0.45,0,0,Matches,0.0,0.0,0.0,mls_shooting_clean.csv
342,Deandre Kerr,ca CAN,"MF,FW",Toronto FC,,2002.0,3.6,0,10,2,20.0,2.74,0.55,0.0,0.0,0,0,Matches,0.0,0.0,0.0,mls_shooting_clean.csv
343,Hosei Kijima,jp JPN,MF,D.C. United,,2002.0,0.7,0,1,1,100.0,1.53,1.53,0.0,0.0,0,0,Matches,0.0,0.0,0.0,mls_shooting_clean.csv
344,Benjamin Kikanovic,us USA,DF,SJ Earthquakes,,2000.0,11.3,0,5,1,20.0,0.44,0.09,0.0,0.0,0,0,Matches,0.0,0.0,0.0,mls_shooting_clean.csv
345,Peter Kingston,us USA,"MF,DF",Seattle Sounders,,2001.0,2.7,0,5,2,40.0,1.84,0.74,0.0,0.0,0,0,Matches,0.0,0.0,0.0,mls_shooting_clean.csv
346,Klauss,br BRA,FW,LA Galaxy,,1997.0,6.1,5,20,12,60.0,3.3,1.98,0.25,0.42,0,0,Matches,0.0,0.0,0.0,mls_shooting_clean.csv
347,Eric Klein,us USA,MF,NE Revolution,,2006.0,0.2,0,0,0,,0.0,0.0,,,0,0,Matches,0.0,0.0,0.0,mls_shooting_clean.csv
348,Jordan Knight,ca CAN,DF,Nashville SC,,2002.0,0.1,0,0,0,,0.0,0.0,,,0,0,Matches,0.0,0.0,0.0,mls_shooting_clean.csv
349,Ethan Kohler,us USA,"DF,MF",NE Revolution,,2005.0,9.0,0,3,1,33.3,0.33,0.11,0.0,0.0,0,0,Matches,0.0,0.0,0.0,mls_shooting_clean.csv
350,Žan Kolmanič,si SVN,DF,Austin FC,,2000.0,2.9,0,0,0,,0.0,0.0,,,0,0,Matches,0.0,0.0,0.0,mls_shooting_clean.csv
351,Stas Korzeniowski,us USA,FW,Philadelphia Union,,2003.0,1.6,0,7,2,28.6,4.5,1.29,0.0,0.0,0,0,Matches,0.0,0.0,0.0,mls_shooting_clean.csv
352,Theodore Ku-Dipietro,us USA,"FW,MF",Colorado Rapids,,2002.0,1.1,0,3,1,33.3,2.84,0.95,0.0,0.0,0,0,Matches,0.0,0.0,0.0,mls_shooting_clean.csv
353,Willy Kumado,gh GHA,MF,San Diego FC,,2002.0,0.3,0,0,0,,0.0,0.0,,,0,0,Matches,0.0,0.0,0.0,mls_shooting_clean.csv
354,Keisuke Kurokawa,jp JPN,DF,D.C. United,,1997.0,14.9,0,6,2,33.3,0.4,0.13,0.0,0.0,0,0,Matches,0.0,0.0,0.0,mls_shooting_clean.csv
355,Benjamín Kuscevic,cl CHI,DF,Toronto FC,,1996.0,5.2,0,5,1,20.0,0.96,0.19,0.0,0.0,0,0,Matches,0.0,0.0,0.0,mls_shooting_clean.csv
356,Ezekiel Kwame Alladoh,gh GHA,FW,Philadelphia Union,,2005.0,6.2,0,8,2,25.0,1.28,0.32,0.0,0.0,0,0,Matches,0.0,0.0,0.0,mls_shooting_clean.csv
357,Luca de la Torre,us USA,MF,Charlotte,,1998.0,4.6,0,5,0,0.0,1.09,0.0,0.0,,0,0,Matches,0.0,0.0,0.0,mls_shooting_clean.csv
358,Mathías Laborda,uy URU,DF,Vancouver W'caps,,1999.0,12.2,3,14,6,42.9,1.14,0.49,0.21,0.5,0,0,Matches,0.0,0.0,0.0,mls_shooting_clean.csv
359,Ayoub Lajhar,,DF,FC Cincinnati,,,0.3,0,0,0,,0.0,0.0,,,0,0,Matches,0.0,0.0,0.0,mls_shooting_clean.csv
360,Luca Langoni,ar ARG,"MF,FW",NE Revolution,,2002.0,9.0,3,18,9,50.0,2.01,1.0,0.17,0.33,0,0,Matches,0.0,0.0,0.0,mls_shooting_clean.csv
361,Oliver Larraz,us USA,MF,Vancouver W'caps,,2001.0,2.2,0,2,0,0.0,0.9,0.0,0.0,,0,0,Matches,0.0,0.0,0.0,mls_shooting_clean.csv
362,Richie Laryea,ca CAN,"DF,MF",Toronto FC,,1995.0,9.0,2,3,3,100.0,0.33,0.33,0.67,0.67,0,0,Matches,0.0,0.0,0.0,mls_shooting_clean.csv
363,Ariel Lassiter,cr CRC,FW,Portland Timbers,,1994.0,2.0,2,6,4,66.7,2.93,1.96,0.33,0.5,0,0,Matches,0.0,0.0,0.0,mls_shooting_clean.csv
364,Emmanuel Latte Lath,ci CIV,FW,Atlanta Utd,,1999.0,10.0,2,24,5,20.8,2.4,0.5,0.08,0.4,0,0,Matches,0.0,0.0,0.0,mls_shooting_clean.csv
365,Beau Leroux,us USA,MF,SJ Earthquakes,,2003.0,12.0,2,23,7,30.4,1.92,0.59,0.09,0.29,0,1,Matches,0.0,0.0,0.0,mls_shooting_clean.csv
366,Ondřej Lingr,cz CZE,"FW,MF",Houston Dynamo,,1998.0,4.2,0,7,3,42.9,1.65,0.71,0.0,0.0,0,0,Matches,0.0,0.0,0.0,mls_shooting_clean.csv
367,Hugo Lloris,fr FRA,GK,LAFC,,1986.0,12.0,0,0,0,,0.0,0.0,,,0,0,Matches,0.0,0.0,0.0,mls_shooting_clean.csv
368,Saba Lobzhanidze,ge GEO,"FW,MF",Atlanta Utd,,1994.0,7.0,2,24,11,45.8,3.43,1.57,0.08,0.18,0,0,Matches,0.0,0.0,0.0,mls_shooting_clean.csv
369,Robin Lod,fi FIN,"MF,FW",Chicago Fire,,1993.0,9.5,3,12,4,33.3,1.26,0.42,0.25,0.75,0,0,Matches,0.0,0.0,0.0,mls_shooting_clean.csv
370,Aaron Long,us USA,DF,LAFC,,1992.0,2.9,0,1,1,100.0,0.34,0.34,0.0,0.0,0,0,Matches,0.0,0.0,0.0,mls_shooting_clean.csv
371,Matthew Longstaff,eng ENG,MF,CF Montréal,,2000.0,12.7,2,17,4,23.5,1.34,0.32,0.12,0.5,0,0,Matches,0.0,0.0,0.0,mls_shooting_clean.csv
372,Antino Lopez,us USA,DF,Seattle Sounders,,2002.0,5.3,0,2,0,0.0,0.38,0.0,0.0,,0,0,Matches,0.0,0.0,0.0,mls_shooting_clean.csv
373,Victor Loturi,ca CAN,MF,CF Montréal,,2001.0,12.7,1,6,1,16.7,0.47,0.08,0.17,1.0,0,0,Matches,0.0,0.0,0.0,mls_shooting_clean.csv
374,Ricardo Louis,ht HAI,MF,FC Dallas,,2004.0,0.2,0,0,0,,0.0,0.0,,,0,0,Matches,0.0,0.0,0.0,mls_shooting_clean.csv
375,Evan Louro,us USA,GK,FC Cincinnati,,1996.0,2.0,0,0,0,,0.0,0.0,,,0,0,Matches,0.0,0.0,0.0,mls_shooting_clean.csv
376,Daniel Lovitz,us USA,DF,Nashville SC,,1991.0,12.1,0,5,2,40.0,0.41,0.17,0.0,0.0,0,0,Matches,0.0,0.0,0.0,mls_shooting_clean.csv
377,Eduard Löwen,de GER,"MF,FW",St. Louis City,,1997.0,2.9,1,9,2,22.2,3.12,0.69,0.11,0.5,0,0,Matches,0.0,0.0,0.0,mls_shooting_clean.csv
378,Gonzalo Luján,ar ARG,DF,Inter Miami,,2001.0,9.3,1,4,1,25.0,0.43,0.11,0.25,1.0,0,0,Matches,0.0,0.0,0.0,mls_shooting_clean.csv
379,Jovan Lukić,rs SRB,MF,Philadelphia Union,,2002.0,11.5,0,8,0,0.0,0.69,0.0,0.0,,0,0,Matches,0.0,0.0,0.0,mls_shooting_clean.csv
380,Diego Luna,us USA,"MF,FW",Real Salt Lake,,2003.0,6.7,4,17,6,35.3,2.53,0.89,0.24,0.67,0,0,Matches,0.0,0.0,0.0,mls_shooting_clean.csv
381,Benjamin Lundt,de GER,GK,St. Louis City,,1995.0,1.0,0,0,0,,0.0,0.0,,,0,0,Matches,0.0,0.0,0.0,mls_shooting_clean.csv
382,Lukas MacNaughton,ca CAN,DF,St. Louis City,,1995.0,5.3,0,4,1,25.0,0.76,0.19,0.0,0.0,0,0,Matches,0.0,0.0,0.0,mls_shooting_clean.csv
383,Warren Madrigal,cr CRC,"FW,MF",Nashville SC,,2004.0,8.9,5,24,8,33.3,2.69,0.9,0.21,0.63,0,0,Matches,0.0,0.0,0.0,mls_shooting_clean.csv
384,Talles Magno,br BRA,"FW,MF",NYCFC,,2002.0,1.9,2,10,5,50.0,5.2,2.6,0.2,0.4,0,0,Matches,0.0,0.0,0.0,mls_shooting_clean.csv
385,Jack Maher,us USA,DF,Nashville SC,,1999.0,4.0,0,3,1,33.3,0.75,0.25,0.0,0.0,0,0,Matches,0.0,0.0,0.0,mls_shooting_clean.csv
386,Olwethu Makhanya,za RSA,DF,Philadelphia Union,,2004.0,13.0,0,7,1,14.3,0.54,0.08,0.0,0.0,0,0,Matches,0.0,0.0,0.0,mls_shooting_clean.csv
387,Juan Manuel Sanabria,uy URU,"MF,DF",Real Salt Lake,,2000.0,10.1,0,12,3,25.0,1.19,0.3,0.0,0.0,0,0,Matches,0.0,0.0,0.0,mls_shooting_clean.csv
388,Alexis Manyoma,co COL,MF,Colorado Rapids,,2003.0,2.7,1,4,1,25.0,1.5,0.37,0.25,1.0,0,0,Matches,0.0,0.0,0.0,mls_shooting_clean.csv
389,J.T. Marcinkowski,us USA,GK,LA Galaxy,,1997.0,11.0,0,0,0,,0.0,0.0,,,0,0,Matches,0.0,0.0,0.0,mls_shooting_clean.csv
390,Dominik Marczuk,pl POL,MF,Real Salt Lake,,2003.0,2.1,0,3,0,0.0,1.44,0.0,0.0,,0,0,Matches,0.0,0.0,0.0,mls_shooting_clean.csv
391,Paul Marie,fr FRA,MF,SJ Earthquakes,,1995.0,2.5,0,2,0,0.0,0.79,0.0,0.0,,0,0,Matches,0.0,0.0,0.0,mls_shooting_clean.csv
392,Adrián Marín,es ESP,DF,Orlando City,,1997.0,10.4,0,1,0,0.0,0.1,0.0,0.0,,0,0,Matches,0.0,0.0,0.0,mls_shooting_clean.csv
393,Anthony Markanich,ph PHI,"MF,DF",Minnesota Utd,,1999.0,13.2,4,19,7,36.8,1.44,0.53,0.21,0.57,0,0,Matches,0.0,0.0,0.0,mls_shooting_clean.csv
394,Nick Markanich,us USA,FW,Houston Dynamo,,1999.0,1.0,0,2,0,0.0,1.96,0.0,0.0,,0,0,Matches,0.0,0.0,0.0,mls_shooting_clean.csv
395,Nikola Marković,ca CAN,"MF,DF",D.C. United,,2004.0,3.5,0,4,0,0.0,1.13,0.0,0.0,,0,0,Matches,0.0,0.0,0.0,mls_shooting_clean.csv
396,Idan Markovich,il ISR,FW,Charlotte,,2004.0,12.8,5,17,9,52.9,1.32,0.7,0.29,0.56,0,1,Matches,0.0,0.0,0.0,mls_shooting_clean.csv
397,Jahkeele Marshall-Rutty,ca CAN,DF,RB New York,,2004.0,12.3,0,11,3,27.3,0.89,0.24,0.0,0.0,0,0,Matches,0.0,0.0,0.0,mls_shooting_clean.csv
398,David Martínez,ve VEN,"FW,MF",LAFC,,2006.0,9.0,5,25,11,44.0,2.78,1.23,0.2,0.45,0,0,Matches,0.0,0.0,0.0,mls_shooting_clean.csv
399,Geiner Martínez,co COL,DF,Philadelphia Union,,2003.0,5.1,0,3,0,0.0,0.59,0.0,0.0,,0,0,Matches,0.0,0.0,0.0,mls_shooting_clean.csv
400,Thiago Martins,br BRA,DF,NYCFC,,1995.0,13.8,0,2,0,0.0,0.15,0.0,0.0,,0,0,Matches,0.0,0.0,0.0,mls_shooting_clean.csv
401,Joyeux Masanka Bungi,be BEL,DF,RB New York,,2007.0,1.0,0,0,0,,0.0,0.0,,,0,0,Matches,0.0,0.0,0.0,mls_shooting_clean.csv
402,Jimmy Maurer,us USA,GK,Houston Dynamo,,1988.0,0.5,0,0,0,,0.0,0.0,,,0,0,Matches,0.0,0.0,0.0,mls_shooting_clean.csv
403,Eric Maxim Choupo-Moting,cm CMR,FW,RB New York,,1989.0,2.0,2,4,3,75.0,1.97,1.48,0.25,0.33,1,1,Matches,0.0,0.0,0.0,mls_shooting_clean.csv
404,Olivier Mbaizo,cm CMR,DF,Philadelphia Union,,1997.0,0.7,0,0,0,,0.0,0.0,,,0,0,Matches,0.0,0.0,0.0,mls_shooting_clean.csv
405,Mbekezeli Mbokazi,za RSA,DF,Chicago Fire,,2005.0,11.6,0,7,3,42.9,0.6,0.26,0.0,0.0,0,0,Matches,0.0,0.0,0.0,mls_shooting_clean.csv
406,Kenji Mboma Dem,fr FRA,"FW,MF",FC Cincinnati,,2002.0,7.2,4,18,6,33.3,2.5,0.83,0.22,0.67,0,0,Matches,0.0,0.0,0.0,mls_shooting_clean.csv
407,Jack McGlynn,us USA,MF,Houston Dynamo,,2003.0,8.3,2,11,7,63.6,1.33,0.85,0.18,0.29,0,0,Matches,0.0,0.0,0.0,mls_shooting_clean.csv
408,Duncan McGuire,us USA,FW,Orlando City,,2001.0,5.3,2,10,7,70.0,1.87,1.31,0.2,0.29,0,0,Matches,0.0,0.0,0.0,mls_shooting_clean.csv
409,Brendan McSorley,us USA,FW,St. Louis City,,2002.0,2.0,1,9,5,55.6,4.45,2.47,0.11,0.2,0,0,Matches,0.0,0.0,0.0,mls_shooting_clean.csv
410,Christopher McVey,se SWE,DF,San Diego FC,,1997.0,11.7,1,6,2,33.3,0.51,0.17,0.17,0.5,0,0,Matches,0.0,0.0,0.0,mls_shooting_clean.csv
411,Adri Mehmeti,us USA,MF,RB New York,,2009.0,13.7,1,6,1,16.7,0.44,0.07,0.17,1.0,0,0,Matches,0.0,0.0,0.0,mls_shooting_clean.csv
412,Lionel Messi,ar ARG,"FW,MF",Inter Miami,,1987.0,13.8,12,84,35,41.7,6.09,2.54,0.13,0.31,1,1,Matches,0.0,0.0,0.0,mls_shooting_clean.csv
413,Wyatt Meyer,us USA,DF,Sporting KC,,2001.0,9.7,0,1,0,0.0,0.1,0.0,0.0,,0,0,Matches,0.0,0.0,0.0,mls_shooting_clean.csv
414,Matt Miazga,us USA,DF,FC Cincinnati,,1995.0,6.3,0,4,2,50.0,0.63,0.32,0.0,0.0,0,0,Matches,0.0,0.0,0.0,mls_shooting_clean.csv
415,Micael,br BRA,DF,Inter Miami,,2000.0,14.0,1,7,2,28.6,0.5,0.14,0.14,0.5,0,0,Matches,0.0,0.0,0.0,mls_shooting_clean.csv
416,Novak Mićović,rs SRB,GK,LA Galaxy,,2001.0,4.0,0,0,0,,0.0,0.0,,,0,0,Matches,0.0,0.0,0.0,mls_shooting_clean.csv
417,Alex Mighten,eng ENG,"FW,MF",San Diego FC,,2002.0,4.0,0,3,1,33.3,0.74,0.25,0.0,0.0,0,0,Matches,0.0,0.0,0.0,mls_shooting_clean.csv
418,Djordje Mihailovic,us USA,"MF,FW",Toronto FC,,1998.0,4.4,1,7,4,57.1,1.58,0.9,0.14,0.25,0,0,Matches,0.0,0.0,0.0,mls_shooting_clean.csv
419,Enea Mihaj,al ALB,DF,Atlanta Utd,,1998.0,11.8,0,3,2,66.7,0.25,0.17,0.0,0.0,0,0,Matches,0.0,0.0,0.0,mls_shooting_clean.csv
420,Harbor Miller,us USA,"MF,FW",LA Galaxy,,2007.0,5.6,0,8,1,12.5,1.43,0.18,0.0,0.0,0,0,Matches,0.0,0.0,0.0,mls_shooting_clean.csv
421,Jansen Miller,us USA,DF,Sporting KC,,2002.0,4.5,0,1,1,100.0,0.22,0.22,0.0,0.0,0,0,Matches,0.0,0.0,0.0,mls_shooting_clean.csv
422,Kamal Miller,ca CAN,DF,Portland Timbers,,1997.0,6.2,0,0,0,,0.0,0.0,,,0,0,Matches,0.0,0.0,0.0,mls_shooting_clean.csv
423,Nolan Miller,us USA,DF,Orlando City,,2004.0,3.6,0,1,0,0.0,0.27,0.0,0.0,,0,0,Matches,0.0,0.0,0.0,mls_shooting_clean.csv
424,Peyton Miller,us USA,"DF,MF",NE Revolution,,2007.0,8.0,3,20,7,35.0,2.5,0.87,0.15,0.43,0,0,Matches,0.0,0.0,0.0,mls_shooting_clean.csv
425,Juan Mina,co COL,DF,RB New York,,2004.0,2.1,0,5,2,40.0,2.43,0.97,0.0,0.0,0,0,Matches,0.0,0.0,0.0,mls_shooting_clean.csv
426,Georgi Minoungou,bf BFA,MF,Seattle Sounders,,2002.0,1.7,0,3,2,66.7,1.8,1.2,0.0,0.0,0,0,Matches,0.0,0.0,0.0,mls_shooting_clean.csv
427,Georgi Minoungou,bf BFA,"MF,FW",Colorado Rapids,,2002.0,6.6,0,7,1,14.3,1.05,0.15,0.0,0.0,0,0,Matches,0.0,0.0,0.0,mls_shooting_clean.csv
428,Aleksei Miranchuk,ru RUS,"FW,MF",Atlanta Utd,,1995.0,11.2,5,26,10,38.5,2.32,0.89,0.19,0.5,0,0,Matches,0.0,0.0,0.0,mls_shooting_clean.csv
429,Roald Mitchell,tt TRI,MF,RB New York,,2003.0,0.3,0,2,0,0.0,6.0,0.0,0.0,,0,0,Matches,0.0,0.0,0.0,mls_shooting_clean.csv
430,Shakur Mohammed,gh GHA,MF,Nashville SC,,2003.0,0.8,1,2,2,100.0,2.43,2.43,0.5,0.5,0,0,Matches,0.0,0.0,0.0,mls_shooting_clean.csv
431,Luca Moisa,us USA,MF,Real Salt Lake,,2008.0,1.9,0,1,0,0.0,0.51,0.0,0.0,,0,0,Matches,0.0,0.0,0.0,mls_shooting_clean.csv
432,Zane Monlouis,eng ENG,DF,Toronto FC,,2003.0,8.8,0,6,3,50.0,0.68,0.34,0.0,0.0,0,0,Matches,0.0,0.0,0.0,mls_shooting_clean.csv
433,Shaq Moore,us USA,"DF,MF",FC Dallas,,1996.0,14.4,0,4,2,50.0,0.28,0.14,0.0,0.0,0,0,Matches,0.0,0.0,0.0,mls_shooting_clean.csv
434,Felipe Mora,cl CHI,"MF,FW",Portland Timbers,,1993.0,4.0,1,6,2,33.3,1.49,0.5,0.17,0.5,0,0,Matches,0.0,0.0,0.0,mls_shooting_clean.csv
435,Efrain Morales,bo BOL,DF,CF Montréal,,2004.0,9.7,0,7,2,28.6,0.72,0.21,0.0,0.0,0,0,Matches,0.0,0.0,0.0,mls_shooting_clean.csv
436,Santi Morales,us USA,MF,Inter Miami,,2007.0,0.8,0,0,0,,0.0,0.0,,,0,0,Matches,0.0,0.0,0.0,mls_shooting_clean.csv
437,Maximiliano Moralez,ar ARG,MF,NYCFC,,1987.0,12.5,1,13,5,38.5,1.04,0.4,0.0,0.0,1,1,Matches,0.0,0.0,0.0,mls_shooting_clean.csv
438,Steven Moreira,cv CPV,DF,Columbus Crew,,1994.0,12.6,0,9,2,22.2,0.72,0.16,0.0,0.0,0,0,Matches,0.0,0.0,0.0,mls_shooting_clean.csv
439,Santiago Moreno,co COL,"FW,MF",FC Dallas,,2000.0,5.6,2,8,6,75.0,1.42,1.07,0.13,0.17,1,1,Matches,0.0,0.0,0.0,mls_shooting_clean.csv
440,Lewis Morgan,sct SCO,FW,San Diego FC,,1996.0,3.9,0,8,1,12.5,2.05,0.26,0.0,0.0,0,0,Matches,0.0,0.0,0.0,mls_shooting_clean.csv
441,Jordan Morris,us USA,"MF,FW",Seattle Sounders,,1994.0,6.0,1,14,7,50.0,2.32,1.16,0.07,0.14,0,0,Matches,0.0,0.0,0.0,mls_shooting_clean.csv
442,Rafael Mosquera,pa PAN,FW,RB New York,,2005.0,3.5,0,6,1,16.7,1.7,0.28,0.0,0.0,0,0,Matches,0.0,0.0,0.0,mls_shooting_clean.csv
443,Chris Mueller,us USA,FW,Chicago Fire,,1996.0,1.0,0,1,1,100.0,0.96,0.96,0.0,0.0,0,0,Matches,0.0,0.0,0.0,mls_shooting_clean.csv
444,Hany Mukhtar,de GER,"FW,MF",Nashville SC,,1995.0,12.1,6,40,18,45.0,3.3,1.49,0.15,0.33,0,0,Matches,0.0,0.0,0.0,mls_shooting_clean.csv
445,Thomas Müller,de GER,MF,Vancouver W'caps,,1989.0,9.4,4,21,11,52.4,2.24,1.18,0.1,0.18,2,2,Matches,0.0,0.0,0.0,mls_shooting_clean.csv
446,Daniel Munie,us USA,DF,SJ Earthquakes,,2000.0,14.0,3,9,5,55.6,0.64,0.36,0.33,0.6,0,0,Matches,0.0,0.0,0.0,mls_shooting_clean.csv
447,Louis Munteanu,ro ROU,FW,D.C. United,,2002.0,7.2,5,32,12,37.5,4.47,1.68,0.13,0.33,1,1,Matches,0.0,0.0,0.0,mls_shooting_clean.csv
448,Facundo Mura,ar ARG,"DF,MF",Inter Miami,,1999.0,7.8,0,3,1,33.3,0.38,0.13,0.0,0.0,0,0,Matches,0.0,0.0,0.0,mls_shooting_clean.csv
449,Ian Murphy,us USA,DF,Colorado Rapids,,2000.0,0.1,0,0,0,,0.0,0.0,,,0,0,Matches,0.0,0.0,0.0,mls_shooting_clean.csv
450,Jacob Murrell,us USA,FW,D.C. United,,2004.0,0.8,0,0,0,,0.0,0.0,,,0,0,Matches,0.0,0.0,0.0,mls_shooting_clean.csv
451,Petar Musa,hr CRO,FW,FC Dallas,,1998.0,11.6,12,49,22,44.9,4.24,1.9,0.2,0.45,2,2,Matches,0.0,0.0,0.0,mls_shooting_clean.csv
452,Daniel Musovski,mk MKD,FW,Seattle Sounders,,1995.0,6.2,1,15,8,53.3,2.43,1.3,0.07,0.13,0,0,Matches,0.0,0.0,0.0,mls_shooting_clean.csv
453,Alex Muyl,us USA,MF,Nashville SC,,1995.0,6.3,0,4,2,50.0,0.64,0.32,0.0,0.0,0,0,Matches,0.0,0.0,0.0,mls_shooting_clean.csv
454,Tristan Muyumba,fr FRA,MF,Atlanta Utd,,1997.0,11.3,1,9,2,22.2,0.8,0.18,0.11,0.5,0,0,Matches,0.0,0.0,0.0,mls_shooting_clean.csv
455,Andy Najar,hn HON,DF,Nashville SC,,1993.0,8.4,0,2,1,50.0,0.24,0.12,0.0,0.0,0,0,Matches,0.0,0.0,0.0,mls_shooting_clean.csv
456,Matheus Nascimento,br BRA,FW,LA Galaxy,,2004.0,1.7,1,7,4,57.1,4.17,2.38,0.14,0.25,0,0,Matches,0.0,0.0,0.0,mls_shooting_clean.csv
457,Miguel Navarro,ve VEN,DF,Colorado Rapids,,1999.0,7.6,0,2,0,0.0,0.26,0.0,0.0,,0,0,Matches,0.0,0.0,0.0,mls_shooting_clean.csv
458,Rafael Navarro,br BRA,FW,Colorado Rapids,,2000.0,14.9,8,43,24,55.8,2.88,1.61,0.16,0.29,1,1,Matches,0.0,0.0,0.0,mls_shooting_clean.csv
459,Philippe Ndinga,ga GAB,DF,Philadelphia Union,,2005.0,2.5,0,3,1,33.3,1.22,0.41,0.0,0.0,0,0,Matches,0.0,0.0,0.0,mls_shooting_clean.csv
460,Jalen Neal,us USA,DF,CF Montréal,,2003.0,4.5,0,1,0,0.0,0.22,0.0,0.0,,0,0,Matches,0.0,0.0,0.0,mls_shooting_clean.csv
461,Dylan Nealis,us USA,DF,RB New York,,1998.0,11.7,0,3,0,0.0,0.26,0.0,0.0,,0,0,Matches,0.0,0.0,0.0,mls_shooting_clean.csv
462,Sean Nealis,us USA,DF,D.C. United,,1997.0,0.7,0,0,0,,0.0,0.0,,,0,0,Matches,0.0,0.0,0.0,mls_shooting_clean.csv
463,Franco Negri,ar ARG,DF,Houston Dynamo,,1995.0,3.2,0,2,0,0.0,0.62,0.0,0.0,,0,0,Matches,0.0,0.0,0.0,mls_shooting_clean.csv
464,Jayden Nelson,ca CAN,MF,Austin FC,,2002.0,5.0,2,7,2,28.6,1.39,0.4,0.29,1.0,0,0,Matches,0.0,0.0,0.0,mls_shooting_clean.csv
465,John Nelson,us USA,"DF,MF",LA Galaxy,,1998.0,8.9,0,0,0,,0.0,0.0,,,0,0,Matches,0.0,0.0,0.0,mls_shooting_clean.csv
466,Jean-Claude Ngando,cm CMR,MF,Vancouver W'caps,,1999.0,0.9,0,1,0,0.0,1.06,0.0,0.0,,0,0,Matches,0.0,0.0,0.0,mls_shooting_clean.csv
467,Kenneth Nielsen,us USA,DF,LAFC,,2002.0,1.6,0,0,0,,0.0,0.0,,,0,0,Matches,0.0,0.0,0.0,mls_shooting_clean.csv
468,Nolan Norris,us USA,DF,FC Dallas,,2005.0,10.0,1,2,2,100.0,0.2,0.2,0.5,0.5,0,0,Matches,0.0,0.0,0.0,mls_shooting_clean.csv
469,Obinna Nwobodo,ng NGA,MF,FC Cincinnati,,1996.0,4.2,0,5,1,20.0,1.2,0.24,0.0,0.0,0,0,Matches,0.0,0.0,0.0,mls_shooting_clean.csv
470,Aiden O'Neill,au AUS,MF,NYCFC,,1998.0,10.0,0,6,1,16.7,0.6,0.1,0.0,0.0,0,0,Matches,0.0,0.0,0.0,mls_shooting_clean.csv
471,Kevin O'Toole,ie IRL,DF,NYCFC,,1998.0,10.0,0,4,2,50.0,0.4,0.2,0.0,0.0,0,0,Matches,0.0,0.0,0.0,mls_shooting_clean.csv
472,Édier Ocampo,co COL,DF,Vancouver W'caps,,2003.0,12.2,1,10,2,20.0,0.82,0.16,0.1,0.5,0,0,Matches,0.0,0.0,0.0,mls_shooting_clean.csv
473,Agustin Ojeda,ar ARG,"MF,FW",NYCFC,,2004.0,13.3,3,21,8,38.1,1.58,0.6,0.14,0.38,0,0,Matches,0.0,0.0,0.0,mls_shooting_clean.csv
474,Braian Ojeda,py PAR,MF,Orlando City,,2000.0,14.8,0,11,0,0.0,0.74,0.0,0.0,,0,0,Matches,0.0,0.0,0.0,mls_shooting_clean.csv
475,Martín Ojeda,ar ARG,"FW,MF",Orlando City,,1998.0,14.6,11,49,24,49.0,3.36,1.65,0.16,0.33,3,3,Matches,0.0,0.0,0.0,mls_shooting_clean.csv
476,Hamzat Ojediran,ng NGA,MF,Colorado Rapids,,2003.0,10.5,1,12,3,25.0,1.14,0.29,0.08,0.33,0,0,Matches,0.0,0.0,0.0,mls_shooting_clean.csv
477,Victor Olatunji,ng NGA,FW,Real Salt Lake,,1999.0,2.9,1,9,6,66.7,3.09,2.06,0.11,0.17,0,0,Matches,0.0,0.0,0.0,mls_shooting_clean.csv
478,Salvador Olivas,us USA,FW,Philadelphia Union,,2006.0,0.1,0,0,0,,0.0,0.0,,,0,0,Matches,0.0,0.0,0.0,mls_shooting_clean.csv
479,Cristiano Oliveira,us USA,MF,NE Revolution,,2008.0,0.1,0,0,0,,0.0,0.0,,,0,0,Matches,0.0,0.0,0.0,mls_shooting_clean.csv
480,Kwadwo Opoku,gh GHA,FW,CF Montréal,,2001.0,1.1,1,2,1,50.0,1.75,0.87,0.5,1.0,0,0,Matches,0.0,0.0,0.0,mls_shooting_clean.csv
481,Nathan Ordaz,sv SLV,"FW,MF",LAFC,,2004.0,5.6,2,8,3,37.5,1.43,0.54,0.25,0.67,0,0,Matches,0.0,0.0,0.0,mls_shooting_clean.csv
482,Sergio Oregel,us USA,MF,Chicago Fire,,2005.0,0.3,0,0,0,,0.0,0.0,,,0,0,Matches,0.0,0.0,0.0,mls_shooting_clean.csv
483,Jaziel Orozco,us USA,"DF,MF",St. Louis City,,2004.0,7.9,0,2,0,0.0,0.25,0.0,0.0,,0,0,Matches,0.0,0.0,0.0,mls_shooting_clean.csv
484,Jonathan Osorio,ca CAN,MF,Toronto FC,,1992.0,14.0,0,6,0,0.0,0.43,0.0,0.0,,0,0,Matches,0.0,0.0,0.0,mls_shooting_clean.csv
485,Luis Otávio,br BRA,MF,Orlando City,,2007.0,4.6,1,4,3,75.0,0.86,0.65,0.25,0.33,0,0,Matches,0.0,0.0,0.0,mls_shooting_clean.csv
486,Javier Otero,ve VEN,GK,Orlando City,,2002.0,1.8,0,0,0,,0.0,0.0,,,0,0,Matches,0.0,0.0,0.0,mls_shooting_clean.csv
487,Prince Owusu,gh GHA,FW,CF Montréal,,1997.0,12.0,9,28,15,53.6,2.32,1.25,0.18,0.33,4,4,Matches,0.0,0.0,0.0,mls_shooting_clean.csv
488,Woobens Pacius,ht HAI,FW,Nashville SC,,2001.0,2.7,0,5,0,0.0,1.85,0.0,0.0,,0,0,Matches,0.0,0.0,0.0,mls_shooting_clean.csv
489,Devin Padelford,us USA,"MF,DF",Minnesota Utd,,2003.0,5.5,0,3,2,66.7,0.54,0.36,0.0,0.0,0,0,Matches,0.0,0.0,0.0,mls_shooting_clean.csv
490,Joseph Paintsil,gh GHA,"FW,MF",LA Galaxy,,1998.0,9.4,3,21,10,47.6,2.22,1.06,0.14,0.3,0,0,Matches,0.0,0.0,0.0,mls_shooting_clean.csv
491,Jeison Palacios,co COL,DF,Nashville SC,,1994.0,10.9,1,7,2,28.6,0.64,0.18,0.14,0.5,0,0,Matches,0.0,0.0,0.0,mls_shooting_clean.csv
492,Sergi Palencia,es ESP,DF,LAFC,,1996.0,6.9,1,3,1,33.3,0.43,0.14,0.33,1.0,0,0,Matches,0.0,0.0,0.0,mls_shooting_clean.csv
493,James Pantemis,ca CAN,GK,Portland Timbers,,1997.0,14.0,0,0,0,,0.0,0.0,,,0,0,Matches,0.0,0.0,0.0,mls_shooting_clean.csv
494,Isaiah Parente,us USA,MF,LA Galaxy,,2000.0,0.2,0,0,0,,0.0,0.0,,,0,0,Matches,0.0,0.0,0.0,mls_shooting_clean.csv
495,Tim Parker,us USA,DF,RB New York,,1993.0,4.6,0,1,0,0.0,0.22,0.0,0.0,,0,0,Matches,0.0,0.0,0.0,mls_shooting_clean.csv
496,Keaton Parks,us USA,MF,NYCFC,,1997.0,9.1,2,9,3,33.3,0.99,0.33,0.22,0.67,0,0,Matches,0.0,0.0,0.0,mls_shooting_clean.csv
497,Marco Pašalić,hr CRO,"MF,FW",Orlando City,,2000.0,7.1,2,12,4,33.3,1.68,0.56,0.17,0.5,0,0,Matches,0.0,0.0,0.0,mls_shooting_clean.csv
498,Pedrinho,br BRA,FW,Orlando City,,2006.0,0.1,0,0,0,,0.0,0.0,,,0,0,Matches,0.0,0.0,0.0,mls_shooting_clean.csv
499,Peglow,br BRA,MF,D.C. United,,2002.0,14.3,1,25,6,24.0,1.75,0.42,0.04,0.17,0,0,Matches,0.0,0.0,0.0,mls_shooting_clean.csv
500,Amahl Pellegrino,no NOR,"FW,MF",San Diego FC,,1990.0,7.5,2,13,5,38.5,1.74,0.67,0.15,0.4,0,0,Matches,0.0,0.0,0.0,mls_shooting_clean.csv
501,Matti Peltola,fi FIN,MF,D.C. United,,2002.0,14.7,1,13,1,7.7,0.89,0.07,0.08,1.0,0,0,Matches,0.0,0.0,0.0,mls_shooting_clean.csv
502,Andrés Perea,us USA,MF,NYCFC,,2000.0,2.3,1,4,1,25.0,1.77,0.44,0.25,1.0,0,0,Matches,0.0,0.0,0.0,mls_shooting_clean.csv
503,Daniel Pereira,ve VEN,MF,Austin FC,,2000.0,4.1,0,3,1,33.3,0.74,0.25,0.0,0.0,0,0,Matches,0.0,0.0,0.0,mls_shooting_clean.csv
504,Matheus Pereira,br BRA,MF,Toronto FC,,2000.0,1.3,0,3,0,0.0,2.25,0.0,0.0,,0,0,Matches,0.0,0.0,0.0,mls_shooting_clean.csv
505,Joaquín Pereyra,ar ARG,"FW,MF",Minnesota Utd,,1998.0,14.2,1,27,5,18.5,1.9,0.35,0.04,0.2,0,0,Matches,0.0,0.0,0.0,mls_shooting_clean.csv
506,Miguel Perez,us USA,MF,St. Louis City,,2005.0,2.5,0,5,1,20.0,1.97,0.39,0.0,0.0,0,0,Matches,0.0,0.0,0.0,mls_shooting_clean.csv
507,Nikola Petković,rs SRB,MF,Seattle Sounders,,2003.0,1.5,0,5,2,40.0,3.36,1.34,0.0,0.0,0,0,Matches,0.0,0.0,0.0,mls_shooting_clean.csv
508,Luca Petrasso,ca CAN,DF,CF Montréal,,2000.0,11.9,0,5,1,20.0,0.42,0.08,0.0,0.0,0,0,Matches,0.0,0.0,0.0,mls_shooting_clean.csv
509,Hugo Picard,fr FRA,"MF,FW",Columbus Crew,,2003.0,8.4,2,17,6,35.3,2.03,0.72,0.12,0.33,0,0,Matches,0.0,0.0,0.0,mls_shooting_clean.csv
510,Fafà Picault,ht HAI,FW,Atlanta Utd,,1991.0,2.1,1,3,1,33.3,1.43,0.48,0.33,1.0,0,0,Matches,0.0,0.0,0.0,mls_shooting_clean.csv
511,Kevin Pierre Jr,us USA,MF,NYCFC,,2003.0,0.1,0,0,0,,0.0,0.0,,,0,0,Matches,0.0,0.0,0.0,mls_shooting_clean.csv
512,Samuel Piette,ca CAN,MF,CF Montréal,,1994.0,5.5,0,1,1,100.0,0.18,0.18,0.0,0.0,0,0,Matches,0.0,0.0,0.0,mls_shooting_clean.csv
513,Ian Pilcher,us USA,DF,San Diego FC,,2003.0,1.9,0,0,0,,0.0,0.0,,,0,0,Matches,0.0,0.0,0.0,mls_shooting_clean.csv
514,Mauricio Pineda,us USA,MF,Chicago Fire,,1997.0,5.0,0,3,0,0.0,0.6,0.0,0.0,,0,0,Matches,0.0,0.0,0.0,mls_shooting_clean.csv
515,Dániel Pintér,us USA,MF,Inter Miami,,2007.0,2.4,0,4,2,50.0,1.67,0.84,0.0,0.0,0,0,Matches,0.0,0.0,0.0,mls_shooting_clean.csv
516,Ariath Piol,au AUS,FW,Real Salt Lake,,2004.0,1.8,1,3,2,66.7,1.65,1.1,0.33,0.5,0,0,Matches,0.0,0.0,0.0,mls_shooting_clean.csv
517,Gabriel Pirani,br BRA,"FW,MF",D.C. United,,2002.0,5.2,0,5,2,40.0,0.96,0.38,0.0,0.0,0,0,Matches,0.0,0.0,0.0,mls_shooting_clean.csv
518,Preston Plambeck,us USA,MF,Inter Miami,,2005.0,0.5,0,1,1,100.0,2.09,2.09,0.0,0.0,0,0,Matches,0.0,0.0,0.0,mls_shooting_clean.csv
519,Matt Polster,us USA,MF,NE Revolution,,1993.0,5.9,0,3,0,0.0,0.51,0.0,0.0,,0,0,Matches,0.0,0.0,0.0,mls_shooting_clean.csv
520,Dante Polvara,us USA,DF,St. Louis City,,2000.0,13.1,0,8,0,0.0,0.61,0.0,0.0,,0,0,Matches,0.0,0.0,0.0,mls_shooting_clean.csv
521,Célio Pompeu,br BRA,MF,St. Louis City,,1999.0,1.3,0,5,2,40.0,3.95,1.58,0.0,0.0,0,0,Matches,0.0,0.0,0.0,mls_shooting_clean.csv
522,Ezequiel Ponce,ar ARG,FW,Houston Dynamo,,1997.0,9.7,0,16,3,18.8,1.66,0.31,0.0,0.0,0,0,Matches,0.0,0.0,0.0,mls_shooting_clean.csv
523,Ryan Porteous,sct SCO,DF,LAFC,,1999.0,11.9,0,9,1,11.1,0.76,0.08,0.0,0.0,0,0,Matches,0.0,0.0,0.0,mls_shooting_clean.csv
524,Alvas Powell,jm JAM,DF,FC Cincinnati,,1994.0,1.8,0,0,0,,0.0,0.0,,,0,0,Matches,0.0,0.0,0.0,mls_shooting_clean.csv
525,Owen Presthus,us USA,DF,Columbus Crew,,2006.0,0.7,0,0,0,,0.0,0.0,,,0,0,Matches,0.0,0.0,0.0,mls_shooting_clean.csv
526,Ralph Priso-Mbongue,ca CAN,DF,Vancouver W'caps,,2002.0,5.2,1,1,1,100.0,0.19,0.19,1.0,1.0,0,0,Matches,0.0,0.0,0.0,mls_shooting_clean.csv
527,Andrew Privett,us USA,DF,Charlotte,,2000.0,6.3,0,2,1,50.0,0.32,0.16,0.0,0.0,0,0,Matches,0.0,0.0,0.0,mls_shooting_clean.csv
528,John Pulskamp,us USA,GK,Sporting KC,,2001.0,9.0,0,0,0,,0.0,0.0,,,0,0,Matches,0.0,0.0,0.0,mls_shooting_clean.csv
529,Troy Putt,nz NZL,FW,Minnesota Utd,,2006.0,0.1,0,0,0,,0.0,0.0,,,0,0,Matches,0.0,0.0,0.0,mls_shooting_clean.csv
530,Ahmed Qasem,iq IRQ,"MF,FW",Nashville SC,,2003.0,8.1,1,10,6,60.0,1.23,0.74,0.1,0.17,0,0,Matches,0.0,0.0,0.0,mls_shooting_clean.csv
531,Philip Quinton,us USA,DF,Real Salt Lake,,1999.0,8.5,0,2,0,0.0,0.24,0.0,0.0,,0,0,Matches,0.0,0.0,0.0,mls_shooting_clean.csv
532,Viktor Radojevic,rs SRB,DF,Chicago Fire,,2004.0,1.3,0,0,0,,0.0,0.0,,,0,0,Matches,0.0,0.0,0.0,mls_shooting_clean.csv
533,Jeremy Rafanello,us USA,MF,Philadelphia Union,,2000.0,2.3,0,3,1,33.3,1.32,0.44,0.0,0.0,0,0,Matches,0.0,0.0,0.0,mls_shooting_clean.csv
534,Jackson Ragen,us USA,DF,Seattle Sounders,,1998.0,11.8,0,11,2,18.2,0.93,0.17,0.0,0.0,0,0,Matches,0.0,0.0,0.0,mls_shooting_clean.csv
535,Brooklyn Raines,us USA,MF,NE Revolution,,2005.0,12.6,0,2,1,50.0,0.16,0.08,0.0,0.0,0,0,Matches,0.0,0.0,0.0,mls_shooting_clean.csv
536,Bryan Ramírez,ec ECU,MF,FC Cincinnati,,2000.0,12.4,0,12,3,25.0,0.96,0.24,0.0,0.0,0,0,Matches,0.0,0.0,0.0,mls_shooting_clean.csv
537,Christian Ramirez,us USA,FW,Austin FC,,1991.0,7.6,4,15,7,46.7,1.98,0.92,0.27,0.57,0,0,Matches,0.0,0.0,0.0,mls_shooting_clean.csv
538,Rubén Ramos,us USA,FW,LA Galaxy,,2007.0,1.1,0,0,0,,0.0,0.0,,,0,0,Matches,0.0,0.0,0.0,mls_shooting_clean.csv
539,Ryan Raposo,ca CAN,"DF,MF",LAFC,,1999.0,3.6,0,7,0,0.0,1.95,0.0,0.0,,0,0,Matches,0.0,0.0,0.0,mls_shooting_clean.csv
540,Tim Ream,us USA,DF,Charlotte,,1987.0,10.5,0,1,0,0.0,0.1,0.0,0.0,,0,0,Matches,0.0,0.0,0.0,mls_shooting_clean.csv
541,Sergio Reguilón,es ESP,DF,Inter Miami,,1996.0,4.0,1,3,1,33.3,0.76,0.25,0.33,1.0,0,0,Matches,0.0,0.0,0.0,mls_shooting_clean.csv
542,Jayden Reid,us USA,DF,Sporting KC,,2001.0,9.9,0,6,3,50.0,0.61,0.3,0.0,0.0,0,0,Matches,0.0,0.0,0.0,mls_shooting_clean.csv
543,Seymour Reid,jm JAM,FW,NYCFC,,2008.0,0.9,0,2,1,50.0,2.14,1.07,0.0,0.0,0,0,Matches,0.0,0.0,0.0,mls_shooting_clean.csv
544,Tahir Reid-Brown,us USA,DF,Orlando City,,2006.0,2.5,0,0,0,,0.0,0.0,,,0,0,Matches,0.0,0.0,0.0,mls_shooting_clean.csv
545,William Reilly,us USA,MF,Atlanta Utd,,2002.0,2.4,0,0,0,,0.0,0.0,,,0,0,Matches,0.0,0.0,0.0,mls_shooting_clean.csv
546,Agustín Resch,ar ARG,DF,Houston Dynamo,,2002.0,8.6,0,1,0,0.0,0.12,0.0,0.0,,0,0,Matches,0.0,0.0,0.0,mls_shooting_clean.csv
547,Marco Reus,de GER,"MF,FW",LA Galaxy,,1989.0,11.3,4,20,8,40.0,1.77,0.71,0.15,0.38,1,1,Matches,0.0,0.0,0.0,mls_shooting_clean.csv
548,Justin Reynolds,us USA,"DF,MF",Sporting KC,,2004.0,3.5,0,2,1,50.0,0.57,0.28,0.0,0.0,0,0,Matches,0.0,0.0,0.0,mls_shooting_clean.csv
549,Bernardo Rhein,br BRA,FW,Orlando City,,2007.0,0.0,0,0,0,,0.0,0.0,,,0,0,Matches,0.0,0.0,0.0,mls_shooting_clean.csv
550,Andrew Rick,us USA,GK,Philadelphia Union,,2006.0,1.0,0,0,0,,0.0,0.0,,,0,0,Matches,0.0,0.0,0.0,mls_shooting_clean.csv
551,Jamar Ricketts,us USA,"MF,DF",SJ Earthquakes,,2001.0,9.6,0,6,1,16.7,0.63,0.1,0.0,0.0,0,0,Matches,0.0,0.0,0.0,mls_shooting_clean.csv
552,Kalani Rienzi,us USA,DF,Seattle Sounders,,2002.0,9.1,1,8,4,50.0,0.88,0.44,0.13,0.25,0,0,Matches,0.0,0.0,0.0,mls_shooting_clean.csv
553,Chris Rindov,us USA,DF,LA Galaxy,,2001.0,0.0,0,0,0,,0.0,0.0,,,0,0,Matches,0.0,0.0,0.0,mls_shooting_clean.csv
554,Rocco Ríos Novo,ar ARG,GK,Inter Miami,,2002.0,1.0,0,0,0,,0.0,0.0,,,0,0,Matches,0.0,0.0,0.0,mls_shooting_clean.csv
555,Reid Roberts,us USA,DF,SJ Earthquakes,,2003.0,14.0,1,4,2,50.0,0.29,0.14,0.25,0.5,0,0,Matches,0.0,0.0,0.0,mls_shooting_clean.csv
556,Miles Robinson,us USA,DF,FC Cincinnati,,1997.0,6.7,0,3,2,66.7,0.45,0.3,0.0,0.0,0,0,Matches,0.0,0.0,0.0,mls_shooting_clean.csv
557,Stian Rode Gregersen,no NOR,DF,Atlanta Utd,,1995.0,8.0,0,2,1,50.0,0.25,0.12,0.0,0.0,0,0,Matches,0.0,0.0,0.0,mls_shooting_clean.csv
558,James Rodríguez,co COL,"MF,FW",Minnesota Utd,,1991.0,2.2,0,9,3,33.3,4.15,1.38,0.0,0.0,0,0,Matches,0.0,0.0,0.0,mls_shooting_clean.csv
559,Sam Rogers,us USA,DF,Chicago Fire,,1999.0,0.8,0,0,0,,0.0,0.0,,,0,0,Matches,0.0,0.0,0.0,mls_shooting_clean.csv
560,Andy Rojas,cr CRC,FW,RB New York,,2005.0,0.5,0,1,0,0.0,1.84,0.0,0.0,,0,0,Matches,0.0,0.0,0.0,mls_shooting_clean.csv
561,Alex Roldan,sv SLV,DF,Seattle Sounders,,1996.0,8.2,0,5,0,0.0,0.61,0.0,0.0,,0,0,Matches,0.0,0.0,0.0,mls_shooting_clean.csv
562,Cristian Roldan,us USA,MF,Seattle Sounders,,1995.0,10.6,3,16,5,31.3,1.51,0.47,0.19,0.6,0,0,Matches,0.0,0.0,0.0,mls_shooting_clean.csv
563,Nicolás Romero,ar ARG,DF,Minnesota Utd,,2003.0,7.1,0,4,1,25.0,0.56,0.14,0.0,0.0,0,0,Matches,0.0,0.0,0.0,mls_shooting_clean.csv
564,David Romney,us USA,DF,SJ Earthquakes,,1993.0,4.7,1,4,1,25.0,0.85,0.21,0.25,1.0,0,0,Matches,0.0,0.0,0.0,mls_shooting_clean.csv
565,Connor Ronan,ie IRL,MF,Colorado Rapids,,1998.0,2.2,0,2,0,0.0,0.9,0.0,0.0,,0,0,Matches,0.0,0.0,0.0,mls_shooting_clean.csv
566,Joseph Rosales,hn HON,MF,Austin FC,,2000.0,14.2,1,16,3,18.8,1.13,0.21,0.06,0.33,0,0,Matches,0.0,0.0,0.0,mls_shooting_clean.csv
567,Tanner Rosborough,us USA,FW,RB New York,,2008.0,0.7,0,4,2,50.0,5.54,2.77,0.0,0.0,0,0,Matches,0.0,0.0,0.0,mls_shooting_clean.csv
568,Keegan Rosenberry,us USA,DF,Colorado Rapids,,1993.0,4.6,1,3,2,66.7,0.65,0.43,0.33,0.5,0,0,Matches,0.0,0.0,0.0,mls_shooting_clean.csv
569,Diego Rossi,uy URU,"FW,MF",Columbus Crew,,1998.0,14.0,6,38,12,31.6,2.72,0.86,0.13,0.42,1,1,Matches,0.0,0.0,0.0,mls_shooting_clean.csv
570,Paul Rothrock,us USA,MF,Seattle Sounders,,1999.0,10.1,4,16,8,50.0,1.58,0.79,0.25,0.5,0,0,Matches,0.0,0.0,0.0,mls_shooting_clean.csv
571,Kye Rowles,au AUS,DF,D.C. United,,1998.0,14.0,1,6,3,50.0,0.43,0.21,0.17,0.33,0,0,Matches,0.0,0.0,0.0,mls_shooting_clean.csv
572,David Ruíz,hn HON,MF,Inter Miami,,2004.0,1.7,0,1,0,0.0,0.59,0.0,0.0,,0,0,Matches,0.0,0.0,0.0,mls_shooting_clean.csv
573,Pablo Ruíz,ar ARG,MF,Real Salt Lake,,1998.0,0.6,0,2,1,50.0,3.21,1.61,0.0,0.0,0,0,Matches,0.0,0.0,0.0,mls_shooting_clean.csv
574,Albert Rusnák,sk SVK,"MF,FW",Seattle Sounders,,1994.0,9.3,3,21,8,38.1,2.27,0.86,0.05,0.13,2,2,Matches,0.0,0.0,0.0,mls_shooting_clean.csv
575,Jorge Ruvalcaba,mx MEX,"FW,MF",RB New York,,2001.0,12.6,7,38,15,39.5,3.02,1.19,0.18,0.47,0,0,Matches,0.0,0.0,0.0,mls_shooting_clean.csv
576,Emmanuel Sabbi,us USA,MF,Vancouver W'caps,,1997.0,6.7,2,21,9,42.9,3.11,1.33,0.1,0.22,0,0,Matches,0.0,0.0,0.0,mls_shooting_clean.csv
577,Besard Sabovic,se SWE,MF,Austin FC,,1998.0,4.1,0,2,1,50.0,0.48,0.24,0.0,0.0,0,0,Matches,0.0,0.0,0.0,mls_shooting_clean.csv
578,Anisse Saidi,tn TUN,FW,San Diego FC,,2008.0,0.2,0,1,1,100.0,4.29,4.29,0.0,0.0,0,0,Matches,0.0,0.0,0.0,mls_shooting_clean.csv
579,Anton Salétros,se SWE,MF,Chicago Fire,,1996.0,11.7,0,10,2,20.0,0.85,0.17,0.0,0.0,0,0,Matches,0.0,0.0,0.0,mls_shooting_clean.csv
580,Dániel Sallói,hu HUN,"MF,FW",Toronto FC,,1996.0,13.3,4,29,14,48.3,2.18,1.05,0.14,0.29,0,0,Matches,0.0,0.0,0.0,mls_shooting_clean.csv
581,Diadie Samassékou,ml MLI,MF,Houston Dynamo,,1996.0,7.1,0,2,1,50.0,0.28,0.14,0.0,0.0,0,0,Matches,0.0,0.0,0.0,mls_shooting_clean.csv
582,Lucas Sanabria,uy URU,MF,LA Galaxy,,2003.0,9.8,2,13,3,23.1,1.33,0.31,0.15,0.67,0,0,Matches,0.0,0.0,0.0,mls_shooting_clean.csv
583,Cooper Sanchez,us USA,MF,Atlanta Utd,,2008.0,10.3,0,10,2,20.0,0.97,0.19,0.0,0.0,0,0,Matches,0.0,0.0,0.0,mls_shooting_clean.csv
584,Ilie Sánchez,es ESP,MF,Austin FC,,1990.0,8.3,0,7,2,28.6,0.85,0.24,0.0,0.0,0,0,Matches,0.0,0.0,0.0,mls_shooting_clean.csv
585,William Sands,us USA,DF,NE Revolution,,2000.0,13.3,1,9,2,22.2,0.68,0.15,0.11,0.5,0,0,Matches,0.0,0.0,0.0,mls_shooting_clean.csv
586,Edvard Sandvik Tagseth,no NOR,MF,Nashville SC,,2001.0,7.7,1,2,1,50.0,0.26,0.13,0.5,1.0,0,0,Matches,0.0,0.0,0.0,mls_shooting_clean.csv
587,Jeong Sangbin,kr KOR,"MF,FW",St. Louis City,,2002.0,3.4,1,4,1,25.0,1.17,0.29,0.25,1.0,0,0,Matches,0.0,0.0,0.0,mls_shooting_clean.csv
588,Sergio Santos Gomes,br BRA,FW,Atlanta Utd,,1994.0,0.4,0,3,1,33.3,7.71,2.57,0.0,0.0,0,0,Matches,0.0,0.0,0.0,mls_shooting_clean.csv
589,Lineker Rodrigues dos Santos,br BRA,,Real Salt Lake,,2002.0,0.3,0,0,0,,0.0,0.0,,,0,0,Matches,0.0,0.0,0.0,mls_shooting_clean.csv
590,Rafael Santos,br BRA,"MF,DF",St. Louis City,,1998.0,9.7,1,13,7,53.8,1.34,0.72,0.08,0.14,0,0,Matches,0.0,0.0,0.0,mls_shooting_clean.csv
591,Harvey Sarajian,us USA,FW,Orlando City,,2005.0,0.1,0,0,0,,0.0,0.0,,,0,0,Matches,0.0,0.0,0.0,mls_shooting_clean.csv
592,Kieran Sargeant,us USA,DF,San Diego FC,,2003.0,4.9,0,2,0,0.0,0.41,0.0,0.0,,0,0,Matches,0.0,0.0,0.0,mls_shooting_clean.csv
593,Josh Sargent,us USA,FW,Toronto FC,,2000.0,6.2,3,20,9,45.0,3.24,1.46,0.15,0.33,0,0,Matches,0.0,0.0,0.0,mls_shooting_clean.csv
594,Samuel Sarver,us USA,MF,FC Dallas,,2003.0,2.4,3,6,3,50.0,2.52,1.26,0.5,1.0,0,0,Matches,0.0,0.0,0.0,mls_shooting_clean.csv
595,David Schnegg,at AUT,DF,Charlotte,,1998.0,5.8,1,4,3,75.0,0.69,0.52,0.25,0.33,0,0,Matches,0.0,0.0,0.0,mls_shooting_clean.csv
596,Sebastian Schonlau,de GER,"DF,MF",Vancouver W'caps,,1994.0,0.3,0,1,0,0.0,3.46,0.0,0.0,,0,0,Matches,0.0,0.0,0.0,mls_shooting_clean.csv
597,Patrick Schulte,us USA,GK,Columbus Crew,,2001.0,15.0,0,0,0,,0.0,0.0,,,0,0,Matches,0.0,0.0,0.0,mls_shooting_clean.csv
598,Brian Schwake,us USA,GK,Nashville SC,,2001.0,14.0,0,0,0,,0.0,0.0,,,0,0,Matches,0.0,0.0,0.0,mls_shooting_clean.csv
599,Dante Sealy,tt TRI,"MF,FW",Colorado Rapids,,2003.0,8.6,0,19,4,21.1,2.21,0.47,0.0,0.0,0,0,Matches,0.0,0.0,0.0,mls_shooting_clean.csv
600,Telasco Segovia,ve VEN,MF,Inter Miami,,2003.0,12.5,2,17,3,17.6,1.36,0.24,0.12,0.67,0,0,Matches,0.0,0.0,0.0,mls_shooting_clean.csv
601,Eddie Segura,co COL,DF,LAFC,,1997.0,12.4,0,1,1,100.0,0.08,0.08,0.0,0.0,0,0,Matches,0.0,0.0,0.0,mls_shooting_clean.csv
602,Amar Sejdic,us USA,MF,Columbus Crew,,1996.0,2.1,0,3,2,66.7,1.45,0.97,0.0,0.0,0,0,Matches,0.0,0.0,0.0,mls_shooting_clean.csv
603,Giovanny Sequera,ve VEN,DF,Philadelphia Union,,2006.0,0.9,0,1,0,0.0,1.11,0.0,0.0,,0,0,Matches,0.0,0.0,0.0,mls_shooting_clean.csv
604,Brandon Servania,us USA,MF,D.C. United,,1999.0,13.2,0,14,6,42.9,1.06,0.45,0.0,0.0,0,0,Matches,0.0,0.0,0.0,mls_shooting_clean.csv
605,Japhet Sery,dk DEN,DF,Philadelphia Union,,2000.0,8.1,1,2,2,100.0,0.25,0.25,0.5,0.5,0,0,Matches,0.0,0.0,0.0,mls_shooting_clean.csv
606,Jacob Shaffelburg,ca CAN,MF,LAFC,,1999.0,2.5,0,5,1,20.0,2.0,0.4,0.0,0.0,0,0,Matches,0.0,0.0,0.0,mls_shooting_clean.csv
607,Alexander Shaw,us USA,MF,Inter Miami,,2008.0,0.3,0,0,0,,0.0,0.0,,,0,0,Matches,0.0,0.0,0.0,mls_shooting_clean.csv
608,Jason Shokalook,us USA,FW,Chicago Fire,,2002.0,0.5,0,1,0,0.0,2.09,0.0,0.0,,0,0,Matches,0.0,0.0,0.0,mls_shooting_clean.csv
609,Jonathan Shore,us USA,MF,NYCFC,,2007.0,1.3,0,0,0,,0.0,0.0,,,0,0,Matches,0.0,0.0,0.0,mls_shooting_clean.csv
610,Mateo Silvetti,ar ARG,"MF,FW",Inter Miami,,2006.0,6.8,3,20,10,50.0,2.93,1.46,0.15,0.3,0,0,Matches,0.0,0.0,0.0,mls_shooting_clean.csv
611,Nicholas Simmonds,jm JAM,FW,FC Dallas,,2006.0,1.2,0,2,2,100.0,1.67,1.67,0.0,0.0,0,0,Matches,0.0,0.0,0.0,mls_shooting_clean.csv
612,Jonathan Sirois,ca CAN,GK,FC Dallas,,2001.0,2.0,0,0,0,,0.0,0.0,,,0,0,Matches,0.0,0.0,0.0,mls_shooting_clean.csv
613,Pablo Sisniega,mx MEX,GK,San Diego FC,,1995.0,1.0,0,0,0,,0.0,0.0,,,0,0,Matches,0.0,0.0,0.0,mls_shooting_clean.csv
614,Jack Skahan,us USA,"MF,FW",SJ Earthquakes,,1998.0,5.3,2,8,4,50.0,1.52,0.76,0.25,0.5,0,0,Matches,0.0,0.0,0.0,mls_shooting_clean.csv
615,Tyger Smalls,,FW,Charlotte,,2002.0,0.7,0,0,0,,0.0,0.0,,,0,0,Matches,0.0,0.0,0.0,mls_shooting_clean.csv
616,Ian Smith,us USA,DF,Portland Timbers,,2002.0,3.6,0,4,1,25.0,1.12,0.28,0.0,0.0,0,0,Matches,0.0,0.0,0.0,mls_shooting_clean.csv
617,Kyle Smith,us USA,"DF,MF",FC Cincinnati,,1992.0,7.2,1,4,2,50.0,0.55,0.28,0.25,0.5,0,0,Matches,0.0,0.0,0.0,mls_shooting_clean.csv
618,Artem Smoliakov,ua UKR,"MF,DF",LAFC,,2003.0,1.9,0,2,0,0.0,1.03,0.0,0.0,,0,0,Matches,0.0,0.0,0.0,mls_shooting_clean.csv
619,Mohammed Sofo,gh GHA,"MF,FW",RB New York,,2004.0,3.1,1,9,4,44.4,2.86,1.27,0.11,0.25,0,0,Matches,0.0,0.0,0.0,mls_shooting_clean.csv
620,Sergi Solans,es ESP,FW,Real Salt Lake,,2003.0,9.7,6,32,15,46.9,3.3,1.55,0.19,0.4,0,0,Matches,0.0,0.0,0.0,mls_shooting_clean.csv
621,Pedro Soma,us USA,MF,San Diego FC,,2006.0,4.4,1,3,1,33.3,0.68,0.23,0.33,1.0,0,0,Matches,0.0,0.0,0.0,mls_shooting_clean.csv
622,Tyrese Spicer,tt TRI,"MF,FW",Orlando City,,2000.0,4.9,2,14,5,35.7,2.86,1.02,0.14,0.4,0,0,Matches,0.0,0.0,0.0,mls_shooting_clean.csv
623,Stijn Spierings,nl NED,MF,Real Salt Lake,,1996.0,8.4,1,8,4,50.0,0.96,0.48,0.13,0.25,0,0,Matches,0.0,0.0,0.0,mls_shooting_clean.csv
624,Dayne St. Clair,ca CAN,GK,Inter Miami,,1997.0,14.0,0,0,0,,0.0,0.0,,,0,0,Matches,0.0,0.0,0.0,mls_shooting_clean.csv
625,Lazar Stefanovic,ca CAN,DF,Toronto FC,,2006.0,2.2,0,2,0,0.0,0.91,0.0,0.0,,0,0,Matches,0.0,0.0,0.0,mls_shooting_clean.csv
626,Zack Steffen,us USA,GK,Colorado Rapids,,1995.0,9.0,0,0,0,,0.0,0.0,,,0,0,Matches,0.0,0.0,0.0,mls_shooting_clean.csv
627,Kimani Stewart-Baynes,ca CAN,FW,Colorado Rapids,,2005.0,0.1,0,0,0,,0.0,0.0,,,0,0,Matches,0.0,0.0,0.0,mls_shooting_clean.csv
628,Noah Streit,ch SUI,FW,CF Montréal,,2005.0,4.7,0,9,3,33.3,1.9,0.63,0.0,0.0,0,0,Matches,0.0,0.0,0.0,mls_shooting_clean.csv
629,Jared Stroud,us USA,MF,D.C. United,,1996.0,3.9,1,7,6,85.7,1.82,1.56,0.14,0.17,0,0,Matches,0.0,0.0,0.0,mls_shooting_clean.csv
630,Brad Stuver,us USA,GK,Austin FC,,1991.0,15.0,0,0,0,,0.0,0.0,,,0,0,Matches,0.0,0.0,0.0,mls_shooting_clean.csv
631,Luis Suárez,uy URU,FW,Inter Miami,,1987.0,6.8,6,23,13,56.5,3.37,1.91,0.26,0.46,0,0,Matches,0.0,0.0,0.0,mls_shooting_clean.csv
632,Magomed-Shapi Suleymanov,ru RUS,"MF,FW",Sporting KC,,1999.0,8.2,1,16,6,37.5,1.94,0.73,0.06,0.17,0,0,Matches,0.0,0.0,0.0,mls_shooting_clean.csv
633,Cavan Sullivan,us USA,MF,Philadelphia Union,,2009.0,6.1,1,14,7,50.0,2.29,1.14,0.07,0.14,0,0,Matches,0.0,0.0,0.0,mls_shooting_clean.csv
634,Finn Sundstrom,us USA,DF,Philadelphia Union,,2006.0,0.6,0,0,0,,0.0,0.0,,,0,0,Matches,0.0,0.0,0.0,mls_shooting_clean.csv
635,Finn Surman,nz NZL,DF,Portland Timbers,,2003.0,13.5,0,4,2,50.0,0.3,0.15,0.0,0.0,0,0,Matches,0.0,0.0,0.0,mls_shooting_clean.csv
636,Sam Surridge,eng ENG,FW,Nashville SC,,1998.0,5.1,9,19,15,78.9,3.74,2.95,0.42,0.53,1,1,Matches,0.0,0.0,0.0,mls_shooting_clean.csv
637,Oleksandr Svatok,ua UKR,DF,Austin FC,,1994.0,13.8,0,4,1,25.0,0.29,0.07,0.0,0.0,0,0,Matches,0.0,0.0,0.0,mls_shooting_clean.csv
638,Erik Sviatchenko,dk DEN,DF,Houston Dynamo,,1991.0,6.5,1,3,1,33.3,0.46,0.15,0.33,1.0,0,0,Matches,0.0,0.0,0.0,mls_shooting_clean.csv
639,Caleb Swann,us USA,MF,FC Dallas,,2007.0,0.1,0,0,0,,0.0,0.0,,,0,0,Matches,0.0,0.0,0.0,mls_shooting_clean.csv
640,Hennadii Synchuk,ua UKR,MF,CF Montréal,,2006.0,4.0,1,18,6,33.3,4.48,1.49,0.06,0.17,0,0,Matches,0.0,0.0,0.0,mls_shooting_clean.csv
641,Osvald Søe,dk DEN,DF,San Diego FC,,2005.0,4.6,0,2,0,0.0,0.43,0.0,0.0,,0,0,Matches,0.0,0.0,0.0,mls_shooting_clean.csv
642,Nkosi Tafari,us USA,DF,LAFC,,1997.0,13.6,0,7,0,0.0,0.52,0.0,0.0,,0,0,Matches,0.0,0.0,0.0,mls_shooting_clean.csv
643,Zakaria Taifi,us USA,"DF,MF",Orlando City,,2005.0,3.8,0,5,3,60.0,1.33,0.8,0.0,0.0,0,0,Matches,0.0,0.0,0.0,mls_shooting_clean.csv
644,Yohei Takaoka,jp JPN,GK,Vancouver W'caps,,1996.0,12.7,0,0,0,,0.0,0.0,,,0,0,Matches,0.0,0.0,0.0,mls_shooting_clean.csv
645,Strahinja Tanasijević,rs SRB,DF,NYCFC,,1997.0,0.9,0,0,0,,0.0,0.0,,,0,0,Matches,0.0,0.0,0.0,mls_shooting_clean.csv
646,D.J. Taylor,us USA,DF,Minnesota Utd,,1997.0,1.3,0,0,0,,0.0,0.0,,,0,0,Matches,0.0,0.0,0.0,mls_shooting_clean.csv
647,Robert Taylor,fi FIN,"FW,MF",Austin FC,,1994.0,0.6,0,2,0,0.0,3.27,0.0,0.0,,0,0,Matches,0.0,0.0,0.0,mls_shooting_clean.csv
648,Jude Terry,us USA,MF,LAFC,,2008.0,1.7,1,2,1,50.0,1.2,0.6,0.5,1.0,0,0,Matches,0.0,0.0,0.0,mls_shooting_clean.csv
649,Cedric Teuchert,de GER,"FW,MF",St. Louis City,,1997.0,3.3,0,13,6,46.2,3.9,1.8,0.0,0.0,0,0,Matches,0.0,0.0,0.0,mls_shooting_clean.csv
650,Jamal Thiaré,sn SEN,FW,Columbus Crew,,1993.0,1.6,0,1,0,0.0,0.64,0.0,0.0,,0,0,Matches,0.0,0.0,0.0,mls_shooting_clean.csv
651,Andrew Thomas,ru RUS,GK,Seattle Sounders,,1998.0,13.0,0,0,0,,0.0,0.0,,,0,0,Matches,0.0,0.0,0.0,mls_shooting_clean.csv
652,Erik Thommy,de GER,MF,LA Galaxy,,1994.0,4.7,1,18,6,33.3,3.81,1.27,0.06,0.17,0,0,Matches,0.0,0.0,0.0,mls_shooting_clean.csv
653,Kosi Thompson,ca CAN,DF,Toronto FC,,2003.0,1.5,0,0,0,,0.0,0.0,,,0,0,Matches,0.0,0.0,0.0,mls_shooting_clean.csv
654,Kosi Thompson,ca CAN,DF,Colorado Rapids,,2003.0,6.3,2,2,2,100.0,0.32,0.32,1.0,1.0,0,0,Matches,0.0,0.0,0.0,mls_shooting_clean.csv
655,Tiago,br BRA,"MF,FW",Orlando City,,2005.0,6.5,1,10,3,30.0,1.54,0.46,0.1,0.33,0,0,Matches,0.0,0.0,0.0,mls_shooting_clean.csv
656,Cheikh Tidiane Sabaly,sn SEN,MF,Vancouver W'caps,,1999.0,5.2,2,13,4,30.8,2.51,0.77,0.15,0.5,0,0,Matches,0.0,0.0,0.0,mls_shooting_clean.csv
657,Sékou Tidiany Bangoura,gn GUI,MF,Columbus Crew,,2002.0,5.1,1,5,2,40.0,0.98,0.39,0.2,0.5,0,0,Matches,0.0,0.0,0.0,mls_shooting_clean.csv
658,Timothy Tillman,us USA,MF,LAFC,,1999.0,10.2,1,8,2,25.0,0.78,0.2,0.13,0.5,0,0,Matches,0.0,0.0,0.0,mls_shooting_clean.csv
659,Harry Toffolo,eng ENG,DF,Charlotte,,1995.0,8.8,0,4,1,25.0,0.45,0.11,0.0,0.0,0,0,Matches,0.0,0.0,0.0,mls_shooting_clean.csv
660,Cayman Togashi,jp JPN,FW,Atlanta Utd,,1993.0,1.0,0,2,1,50.0,1.94,0.97,0.0,0.0,0,0,Matches,0.0,0.0,0.0,mls_shooting_clean.csv
661,Nouhou Tolo,cm CMR,DF,Seattle Sounders,,1997.0,12.7,0,3,2,66.7,0.24,0.16,0.0,0.0,0,0,Matches,0.0,0.0,0.0,mls_shooting_clean.csv
662,Ervin Torres,us USA,DF,Austin FC,,2007.0,0.3,0,1,1,100.0,3.46,3.46,0.0,0.0,0,0,Matches,0.0,0.0,0.0,mls_shooting_clean.csv
663,Facundo Torres,uy URU,"MF,FW",Austin FC,,2000.0,13.9,1,23,10,43.5,1.65,0.72,0.04,0.1,0,0,Matches,0.0,0.0,0.0,mls_shooting_clean.csv
664,Tomas Totland,no NOR,MF,St. Louis City,,1999.0,5.7,1,3,1,33.3,0.52,0.17,0.33,1.0,0,0,Matches,0.0,0.0,0.0,mls_shooting_clean.csv
665,Wil Trapp,us USA,MF,Minnesota Utd,,1993.0,8.9,0,0,0,,0.0,0.0,,,0,0,Matches,0.0,0.0,0.0,mls_shooting_clean.csv
666,Jackson Travis,us USA,DF,Colorado Rapids,,2004.0,8.9,0,2,0,0.0,0.23,0.0,0.0,,0,0,Matches,0.0,0.0,0.0,mls_shooting_clean.csv
667,Kai Trewin,au AUS,"MF,DF",NYCFC,,2001.0,13.9,0,8,3,37.5,0.57,0.22,0.0,0.0,0,0,Matches,0.0,0.0,0.0,mls_shooting_clean.csv
668,Nectarios Triantis,gr GRE,MF,Minnesota Utd,,2003.0,12.9,1,18,6,33.3,1.4,0.47,0.06,0.17,0,0,Matches,0.0,0.0,0.0,mls_shooting_clean.csv
669,Niko Tsakiris,us USA,MF,SJ Earthquakes,,2005.0,10.1,2,22,6,27.3,2.18,0.6,0.05,0.17,1,1,Matches,0.0,0.0,0.0,mls_shooting_clean.csv
670,Cielo Tschantret,us USA,MF,Sporting KC,,2006.0,0.6,0,0,0,,0.0,0.0,,,0,0,Matches,0.0,0.0,0.0,mls_shooting_clean.csv
671,Yutaro Tsukada,jp JPN,FW,Orlando City,,2001.0,0.3,0,0,0,,0.0,0.0,,,0,0,Matches,0.0,0.0,0.0,mls_shooting_clean.csv
672,Dor Turgeman,il ISR,FW,NE Revolution,,2003.0,13.0,2,29,10,34.5,2.23,0.77,0.07,0.2,0,0,Matches,0.0,0.0,0.0,mls_shooting_clean.csv
673,Gavin Turner,us USA,MF,D.C. United,,2007.0,0.5,0,1,0,0.0,1.96,0.0,0.0,,0,0,Matches,0.0,0.0,0.0,mls_shooting_clean.csv
674,Matt Turner,us USA,GK,NE Revolution,,1994.0,14.0,0,0,0,,0.0,0.0,,,0,0,Matches,0.0,0.0,0.0,mls_shooting_clean.csv
675,Jeppe Tverskov,dk DEN,MF,San Diego FC,,1993.0,9.4,0,3,1,33.3,0.32,0.11,0.0,0.0,0,0,Matches,0.0,0.0,0.0,mls_shooting_clean.csv
676,Osaze Urhoghide,nl NED,DF,FC Dallas,,2000.0,12.0,1,8,2,25.0,0.67,0.17,0.13,0.5,0,0,Matches,0.0,0.0,0.0,mls_shooting_clean.csv
677,Myrto Uzuni,al ALB,FW,Austin FC,,1995.0,12.5,5,33,14,42.4,2.63,1.12,0.12,0.29,1,1,Matches,0.0,0.0,0.0,mls_shooting_clean.csv
678,Onni Valakari,fi FIN,MF,San Diego FC,,1999.0,14.0,3,17,8,47.1,1.22,0.57,0.12,0.25,1,1,Matches,0.0,0.0,0.0,mls_shooting_clean.csv
679,Omar Valencia,pa PAN,DF,RB New York,,2004.0,3.2,0,2,2,100.0,0.63,0.63,0.0,0.0,0,0,Matches,0.0,0.0,0.0,mls_shooting_clean.csv
680,Gerardo Valenzuela,us USA,"MF,FW",FC Cincinnati,,2004.0,8.6,1,13,4,30.8,1.51,0.47,0.08,0.25,0,0,Matches,0.0,0.0,0.0,mls_shooting_clean.csv
681,Joaquín Valiente,uy URU,"MF,FW",FC Dallas,,2001.0,9.6,0,11,2,18.2,1.15,0.21,0.0,0.0,0,0,Matches,0.0,0.0,0.0,mls_shooting_clean.csv
682,Kerwin Vargas,co COL,"MF,FW",Charlotte,,2002.0,9.1,2,17,8,47.1,1.87,0.88,0.12,0.25,0,0,Matches,0.0,0.0,0.0,mls_shooting_clean.csv
683,Indiana Vassilev,us USA,MF,Philadelphia Union,,2001.0,10.6,1,11,4,36.4,1.04,0.38,0.0,0.0,1,1,Matches,0.0,0.0,0.0,mls_shooting_clean.csv
684,Brandon Vazquez,us USA,FW,Austin FC,,1998.0,0.6,0,2,1,50.0,3.1,1.55,0.0,0.0,0,0,Matches,0.0,0.0,0.0,mls_shooting_clean.csv
685,David Vazquez,us USA,"MF,FW",San Diego FC,,2006.0,8.2,3,16,5,31.3,1.95,0.61,0.19,0.6,0,0,Matches,0.0,0.0,0.0,mls_shooting_clean.csv
686,Kristoffer Velde,no NOR,"MF,FW",Portland Timbers,,1999.0,13.6,4,35,12,34.3,2.57,0.88,0.11,0.33,0,1,Matches,0.0,0.0,0.0,mls_shooting_clean.csv
687,Brayan Vera,co COL,DF,CF Montréal,,1999.0,11.2,0,11,5,45.5,0.98,0.45,0.0,0.0,0,0,Matches,0.0,0.0,0.0,mls_shooting_clean.csv
688,Oscar Verhoeven,us USA,"DF,MF",San Diego FC,,2006.0,10.1,0,2,0,0.0,0.2,0.0,0.0,,0,0,Matches,0.0,0.0,0.0,mls_shooting_clean.csv
689,Ranko Veselinović,rs SRB,DF,Vancouver W'caps,,1999.0,0.2,0,0,0,,0.0,0.0,,,0,0,Matches,0.0,0.0,0.0,mls_shooting_clean.csv
690,Ronaldo Vieira,gw GNB,MF,SJ Earthquakes,,1998.0,11.6,0,17,4,23.5,1.47,0.34,0.0,0.0,0,0,Matches,0.0,0.0,0.0,mls_shooting_clean.csv
691,Jules-Anthony Vilsaint,ca CAN,FW,Toronto FC,,2003.0,0.3,0,0,0,,0.0,0.0,,,0,0,Matches,0.0,0.0,0.0,mls_shooting_clean.csv
692,Sam Vines,us USA,DF,Houston Dynamo,,1999.0,0.9,0,1,1,100.0,1.08,1.08,0.0,0.0,0,0,Matches,0.0,0.0,0.0,mls_shooting_clean.csv
693,Robert Voloder,ba BIH,DF,RB New York,,2001.0,7.9,0,3,1,33.3,0.38,0.13,0.0,0.0,0,0,Matches,0.0,0.0,0.0,mls_shooting_clean.csv
694,Conrad Wallem,no NOR,MF,St. Louis City,,2000.0,11.7,0,12,1,8.3,1.03,0.09,0.0,0.0,0,0,Matches,0.0,0.0,0.0,mls_shooting_clean.csv
695,Joel Waterman,ca CAN,"DF,MF",Chicago Fire,,1996.0,7.2,0,1,0,0.0,0.14,0.0,0.0,,0,0,Matches,0.0,0.0,0.0,mls_shooting_clean.csv
696,Timo Werner,de GER,MF,SJ Earthquakes,,1996.0,5.1,4,14,8,57.1,2.76,1.58,0.14,0.25,2,2,Matches,0.0,0.0,0.0,mls_shooting_clean.csv
697,Francis Westfield,us USA,DF,Philadelphia Union,,2005.0,9.9,0,13,2,15.4,1.31,0.2,0.0,0.0,0,0,Matches,0.0,0.0,0.0,mls_shooting_clean.csv
698,Ashley Westwood,eng ENG,MF,Charlotte,,1990.0,13.4,1,7,3,42.9,0.52,0.22,0.14,0.33,0,0,Matches,0.0,0.0,0.0,mls_shooting_clean.csv
699,Brian White,us USA,FW,Vancouver W'caps,,1996.0,13.3,10,52,26,50.0,3.91,1.95,0.17,0.35,1,1,Matches,0.0,0.0,0.0,mls_shooting_clean.csv
700,Henry Wingo,us USA,"DF,MF",Toronto FC,,1995.0,0.1,0,1,0,0.0,6.92,0.0,0.0,,0,0,Matches,0.0,0.0,0.0,mls_shooting_clean.csv
701,Maxwell Woledzi,gh GHA,DF,Nashville SC,,2001.0,13.1,1,4,1,25.0,0.3,0.08,0.25,1.0,0,0,Matches,0.0,0.0,0.0,mls_shooting_clean.csv
702,Hannes Wolf,at AUT,"MF,FW",NYCFC,,1999.0,11.3,5,23,10,43.5,2.04,0.89,0.22,0.5,0,0,Matches,0.0,0.0,0.0,mls_shooting_clean.csv
703,Owen Wolff,us USA,MF,Austin FC,,2004.0,2.2,0,0,0,,0.0,0.0,,,0,0,Matches,0.0,0.0,0.0,mls_shooting_clean.csv
704,Elijah Wynder,us USA,MF,LA Galaxy,,2003.0,8.0,0,6,0,0.0,0.75,0.0,0.0,,0,0,Matches,0.0,0.0,0.0,mls_shooting_clean.csv
705,Miki Yamane,jp JPN,"DF,MF",LA Galaxy,,1993.0,8.0,0,3,2,66.7,0.37,0.25,0.0,0.0,0,0,Matches,0.0,0.0,0.0,mls_shooting_clean.csv
706,Darren Yapi,us USA,"FW,MF",Colorado Rapids,,2004.0,8.8,3,16,7,43.8,1.82,0.8,0.19,0.43,0,0,Matches,0.0,0.0,0.0,mls_shooting_clean.csv
707,Patrick Yazbek,au AUS,MF,Nashville SC,,2002.0,7.3,1,8,4,50.0,1.1,0.55,0.13,0.25,0,0,Matches,0.0,0.0,0.0,mls_shooting_clean.csv
708,Kelvin Yeboah,it ITA,FW,Minnesota Utd,,2000.0,13.3,8,34,13,38.2,2.56,0.98,0.21,0.54,1,2,Matches,0.0,0.0,0.0,mls_shooting_clean.csv
709,DeAndre Yedlin,us USA,DF,Real Salt Lake,,1993.0,7.4,0,2,0,0.0,0.27,0.0,0.0,,0,0,Matches,0.0,0.0,0.0,mls_shooting_clean.csv
710,Maya Yoshida,jp JPN,DF,LA Galaxy,,1988.0,6.1,1,7,4,57.1,1.15,0.65,0.14,0.25,0,0,Matches,0.0,0.0,0.0,mls_shooting_clean.csv
711,Griffin Yow,us USA,"MF,FW",NE Revolution,,2002.0,7.3,1,12,5,41.7,1.63,0.68,0.08,0.2,0,0,Matches,0.0,0.0,0.0,mls_shooting_clean.csv
712,Jackson Yueill,us USA,MF,NE Revolution,,1997.0,1.5,0,1,1,100.0,0.67,0.67,0.0,0.0,0,0,Matches,0.0,0.0,0.0,mls_shooting_clean.csv
713,Alhassan Yusuf,ng NGA,MF,NE Revolution,,2000.0,11.9,2,8,3,37.5,0.67,0.25,0.25,0.67,0,0,Matches,0.0,0.0,0.0,mls_shooting_clean.csv
714,Wilfried Zaha,ci CIV,"MF,FW",Charlotte,,1992.0,12.9,3,28,14,50.0,2.17,1.09,0.11,0.21,0,0,Matches,0.0,0.0,0.0,mls_shooting_clean.csv
715,Bryan Zamblé,ci CIV,FW,San Diego FC,,2008.0,1.5,2,3,2,66.7,1.97,1.31,0.67,1.0,0,0,Matches,0.0,0.0,0.0,mls_shooting_clean.csv
716,Marcos Zambrano,us USA,FW,NE Revolution,,2005.0,0.3,0,1,0,0.0,3.6,0.0,0.0,,0,0,Matches,0.0,0.0,0.0,mls_shooting_clean.csv
717,Sean Zawadzki,us USA,"DF,MF",Columbus Crew,,2000.0,15.0,0,5,1,20.0,0.33,0.07,0.0,0.0,0,0,Matches,0.0,0.0,0.0,mls_shooting_clean.csv
718,Walker Zimmerman,us USA,DF,Toronto FC,,1993.0,9.1,1,10,2,20.0,1.09,0.22,0.1,0.5,0,0,Matches,0.0,0.0,0.0,mls_shooting_clean.csv
719,Philip Zinckernagel,dk DEN,MF,Chicago Fire,,1994.0,12.6,5,49,15,30.6,3.88,1.19,0.08,0.27,1,2,Matches,0.0,0.0,0.0,mls_shooting_clean.csv
720,Mateja Đorđević,rs SRB,DF,Austin FC,,2003.0,0.5,0,0,0,,0.0,0.0,,,0,0,Matches,0.0,0.0,0.0,mls_shooting_clean.csv
